Points_0,Points_1,Points_2,p
-0.05,-0.05,0,0
-0.05,-0.048,0,-0.0291645
-0.05,-0.046,0,-0.0272143
-0.05,-0.044,0,-0.0263652
-0.05,-0.042,0,-0.023907
-0.05,-0.04,0,-0.0207773
-0.05,-0.038,0,-0.0174993
-0.05,-0.036,0,-0.0142116
-0.05,-0.034,0,-0.0111303
-0.05,-0.032,0,-0.00836471
-0.05,-0.03,0,-0.00602039
-0.05,-0.028,0,-0.00417732
-0.05,-0.026,0,-0.00290781
-0.05,-0.024,0,-0.00227732
-0.05,-0.022,0,-0.00234906
-0.05,-0.02,0,-0.00318606
-0.05,-0.018,0,-0.00485309
-0.05,-0.016,0,-0.00741817
-0.05,-0.014,0,-0.0109537
-0.05,-0.012,0,-0.0155375
-0.05,-0.01,0,-0.0212538
-0.05,-0.008,0,-0.0281943
-0.05,-0.006,0,-0.0364589
-0.05,-0.004,0,-0.0461574
-0.05,-0.002,0,-0.0574105
-0.05,0,0,-0.0703525
-0.05,0.002,0,-0.0851329
-0.05,0.004,0,-0.101921
-0.05,0.006,0,-0.120909
-0.05,0.008,0,-0.14232
-0.05,0.01,0,-0.166414
-0.05,0.012,0,-0.193502
-0.05,0.014,0,-0.22396
-0.05,0.016,0,-0.258251
-0.05,0.018,0,-0.296955
-0.05,0.02,0,-0.340814
-0.05,0.022,0,-0.390794
-0.05,0.024,0,-0.448168
-0.05,0.026,0,-0.514696
-0.05,0.028,0,-0.592701
-0.05,0.03,0,-0.685874
-0.05,0.032,0,-0.79839
-0.05,0.034,0,-0.940598
-0.05,0.036,0,-1.11603
-0.05,0.038,0,-1.37282
-0.05,0.04,0,-1.66007
-0.05,0.042,0,-2.33653
-0.05,0.044,0,-2.67652
-0.05,0.046,0,-6.13998
-0.05,0.048,0,-5.95844
-0.05,0.05,0,-57.2922
-0.048,-0.05,0,0
-0.048,-0.048,0,-0.030218
-0.048,-0.046,0,-0.0254689
-0.048,-0.044,0,-0.0267293
-0.048,-0.042,0,-0.0246217
-0.048,-0.04,0,-0.0224821
-0.048,-0.038,0,-0.0199121
-0.048,-0.036,0,-0.0173637
-0.048,-0.034,0,-0.0149529
-0.048,-0.032,0,-0.0128306
-0.048,-0.03,0,-0.0110988
-0.048,-0.028,0,-0.00984806
-0.048,-0.026,0,-0.00915632
-0.048,-0.024,0,-0.00909541
-0.048,-0.022,0,-0.00973376
-0.048,-0.02,0,-0.0111392
-0.048,-0.018,0,-0.0133806
-0.048,-0.016,0,-0.0165299
-0.048,-0.014,0,-0.020663
-0.048,-0.012,0,-0.0258611
-0.048,-0.01,0,-0.0322118
-0.048,-0.008,0,-0.0398104
-0.048,-0.006,0,-0.0487611
-0.048,-0.004,0,-0.0591783
-0.048,-0.002,0,-0.071189
-0.048,0,0,-0.0849347
-0.048,0.002,0,-0.100575
-0.048,0.004,0,-0.118291
-0.048,0.006,0,-0.138291
-0.048,0.008,0,-0.160818
-0.048,0.01,0,-0.186161
-0.048,0.012,0,-0.214663
-0.048,0.014,0,-0.246748
-0.048,0.016,0,-0.282936
-0.048,0.018,0,-0.323886
-0.048,0.02,0,-0.370445
-0.048,0.022,0,-0.423715
-0.048,0.024,0,-0.485173
-0.048,0.026,0,-0.556803
-0.048,0.028,0,-0.641429
-0.048,0.03,0,-0.742875
-0.048,0.032,0,-0.867403
-0.048,0.034,0,-1.02246
-0.048,0.036,0,-1.2266
-0.048,0.038,0,-1.48903
-0.048,0.04,0,-1.89746
-0.048,0.042,0,-2.38742
-0.048,0.044,0,-3.59954
-0.048,0.046,0,-4.44815
-0.048,0.048,0,-10.5039
-0.048,0.05,0,-1.1517
-0.046,-0.05,0,0
-0.046,-0.048,0,-0.0351063
-0.046,-0.046,0,-0.0260641
-0.046,-0.044,0,-0.0280136
-0.046,-0.042,0,-0.0260064
-0.046,-0.04,0,-0.0243968
-0.046,-0.038,0,-0.0223479
-0.046,-0.036,0,-0.0203512
-0.046,-0.034,0,-0.0184864
-0.046,-0.032,0,-0.0169011
-0.046,-0.03,0,-0.0156949
-0.046,-0.028,0,-0.0149597
-0.046,-0.026,0,-0.0147754
-0.046,-0.024,0,-0.0152167
-0.046,-0.022,0,-0.016355
-0.046,-0.02,0,-0.0182608
-0.046,-0.018,0,-0.0210059
-0.046,-0.016,0,-0.0246645
-0.046,-0.014,0,-0.0293149
-0.046,-0.012,0,-0.0350407
-0.046,-0.01,0,-0.0419317
-0.046,-0.008,0,-0.0500856
-0.046,-0.006,0,-0.059609
-0.046,-0.004,0,-0.0706198
-0.046,-0.002,0,-0.0832483
-0.046,0,0,-0.0976406
-0.046,0.002,0,-0.113962
-0.046,0.004,0,-0.1324
-0.046,0.006,0,-0.153173
-0.046,0.008,0,-0.176535
-0.046,0.01,0,-0.202787
-0.046,0.012,0,-0.232291
-0.046,0.014,0,-0.26549
-0.046,0.016,0,-0.30293
-0.046,0.018,0,-0.345302
-0.046,0.02,0,-0.393483
-0.046,0.022,0,-0.448616
-0.046,0.024,0,-0.512206
-0.046,0.026,0,-0.586284
-0.046,0.028,0,-0.673606
-0.046,0.03,0,-0.778088
-0.046,0.032,0,-0.905124
-0.046,0.034,0,-1.06324
-0.046,0.036,0,-1.2632
-0.046,0.038,0,-1.52809
-0.046,0.04,0,-1.87258
-0.046,0.042,0,-2.38589
-0.046,0.044,0,-2.97279
-0.046,0.046,0,-4.07697
-0.046,0.048,0,-3.54584
-0.046,0.05,0,-4.53621
-0.044,-0.05,0,0
-0.044,-0.048,0,-0.0394022
-0.044,-0.046,0,-0.0280633
-0.044,-0.044,0,-0.0299608
-0.044,-0.042,0,-0.0278702
-0.044,-0.04,0,-0.0265078
-0.044,-0.038,0,-0.0247885
-0.044,-0.036,0,-0.0231879
-0.044,-0.034,0,-0.0217445
-0.044,-0.032,0,-0.0205933
-0.044,-0.03,0,-0.0198245
-0.044,-0.028,0,-0.0195262
-0.044,-0.026,0,-0.0197769
-0.044,-0.024,0,-0.020651
-0.044,-0.022,0,-0.0222205
-0.044,-0.02,0,-0.0245571
-0.044,-0.018,0,-0.0277336
-0.044,-0.016,0,-0.0318255
-0.044,-0.014,0,-0.0369122
-0.044,-0.012,0,-0.0430783
-0.044,-0.01,0,-0.0504148
-0.044,-0.008,0,-0.0590201
-0.044,-0.006,0,-0.0690021
-0.044,-0.004,0,-0.0804794
-0.044,-0.002,0,-0.0935835
-0.044,0,0,-0.108462
-0.044,0.002,0,-0.12528
-0.044,0.004,0,-0.144229
-0.044,0.006,0,-0.165526
-0.044,0.008,0,-0.189427
-0.044,0.01,0,-0.216234
-0.044,0.012,0,-0.246306
-0.044,0.014,0,-0.280082
-0.044,0.016,0,-0.3181
-0.044,0.018,0,-0.361027
-0.044,0.02,0,-0.409708
-0.044,0.022,0,-0.465222
-0.044,0.024,0,-0.528964
-0.044,0.026,0,-0.602759
-0.044,0.028,0,-0.689033
-0.044,0.03,0,-0.791015
-0.044,0.032,0,-0.91312
-0.044,0.034,0,-1.06111
-0.044,0.036,0,-1.24327
-0.044,0.038,0,-1.46814
-0.044,0.04,0,-1.75062
-0.044,0.042,0,-2.08088
-0.044,0.044,0,-2.47646
-0.044,0.046,0,-2.6712
-0.044,0.048,0,-2.84299
-0.044,0.05,0,-1.2888
-0.042,-0.05,0,0
-0.042,-0.048,0,-0.0438154
-0.042,-0.046,0,-0.0303997
-0.042,-0.044,0,-0.0322962
-0.042,-0.042,0,-0.0299803
-0.042,-0.04,0,-0.0287138
-0.042,-0.038,0,-0.0271793
-0.042,-0.036,0,-0.0258488
-0.042,-0.034,0,-0.0247189
-0.042,-0.032,0,-0.0239078
-0.042,-0.03,0,-0.0234933
-0.042,-0.028,0,-0.0235564
-0.042,-0.026,0,-0.0241711
-0.042,-0.024,0,-0.0254096
-0.042,-0.022,0,-0.0273426
-0.042,-0.02,0,-0.0300411
-0.042,-0.018,0,-0.0335778
-0.042,-0.016,0,-0.038028
-0.042,-0.014,0,-0.0434712
-0.042,-0.012,0,-0.0499918
-0.042,-0.01,0,-0.0576805
-0.042,-0.008,0,-0.0666354
-0.042,-0.006,0,-0.0769636
-0.042,-0.004,0,-0.0887825
-0.042,-0.002,0,-0.102222
-0.042,0,0,-0.117428
-0.042,0.002,0,-0.134563
-0.042,0.004,0,-0.153812
-0.042,0.006,0,-0.175388
-0.042,0.008,0,-0.199538
-0.042,0.01,0,-0.22655
-0.042,0.012,0,-0.256766
-0.042,0.014,0,-0.290597
-0.042,0.016,0,-0.328538
-0.042,0.018,0,-0.371196
-0.042,0.02,0,-0.419322
-0.042,0.022,0,-0.47385
-0.042,0.024,0,-0.535947
-0.042,0.026,0,-0.607086
-0.042,0.028,0,-0.689114
-0.042,0.03,0,-0.78434
-0.042,0.032,0,-0.895558
-0.042,0.034,0,-1.02606
-0.042,0.036,0,-1.17899
-0.042,0.038,0,-1.35685
-0.042,0.04,0,-1.55567
-0.042,0.042,0,-1.7651
-0.042,0.044,0,-1.9275
-0.042,0.046,0,-2.00048
-0.042,0.048,0,-1.68891
-0.042,0.05,0,-1.39945
-0.04,-0.05,0,0
-0.04,-0.048,0,-0.0480694
-0.04,-0.046,0,-0.0328347
-0.04,-0.044,0,-0.0347319
-0.04,-0.042,0,-0.0321546
-0.04,-0.04,0,-0.0308956
-0.04,-0.038,0,-0.0294491
-0.04,-0.036,0,-0.0282937
-0.04,-0.034,0,-0.0273886
-0.04,-0.032,0,-0.0268366
-0.04,-0.03,0,-0.0267017
-0.04,-0.028,0,-0.0270561
-0.04,-0.026,0,-0.027968
-0.04,-0.024,0,-0.0295056
-0.04,-0.022,0,-0.0317367
-0.04,-0.02,0,-0.0347306
-0.04,-0.018,0,-0.0385584
-0.04,-0.016,0,-0.0432945
-0.04,-0.014,0,-0.049017
-0.04,-0.012,0,-0.0558092
-0.04,-0.01,0,-0.0637602
-0.04,-0.008,0,-0.0729665
-0.04,-0.006,0,-0.0835326
-0.04,-0.004,0,-0.095573
-0.04,-0.002,0,-0.109214
-0.04,0,0,-0.124595
-0.04,0.002,0,-0.141873
-0.04,0.004,0,-0.161223
-0.04,0.006,0,-0.182845
-0.04,0.008,0,-0.206968
-0.04,0.01,0,-0.233858
-0.04,0.012,0,-0.263823
-0.04,0.014,0,-0.297227
-0.04,0.016,0,-0.3345
-0.04,0.018,0,-0.376157
-0.04,0.02,0,-0.422811
-0.04,0.022,0,-0.475198
-0.04,0.024,0,-0.534197
-0.04,0.026,0,-0.600842
-0.04,0.028,0,-0.676326
-0.04,0.03,0,-0.761951
-0.04,0.032,0,-0.858998
-0.04,0.034,0,-0.968366
-0.04,0.036,0,-1.08989
-0.04,0.038,0,-1.22057
-0.04,0.04,0,-1.35242
-0.04,0.042,0,-1.46531
-0.04,0.044,0,-1.529
-0.04,0.046,0,-1.4773
-0.04,0.048,0,-1.3095
-0.04,0.05,0,-0.875955
-0.038,-0.05,0,0
-0.038,-0.048,0,-0.0520795
-0.038,-0.046,0,-0.0351725
-0.038,-0.044,0,-0.0370876
-0.038,-0.042,0,-0.0342416
-0.038,-0.04,0,-0.032944
-0.038,-0.038,0,-0.031524
-0.038,-0.036,0,-0.030475
-0.038,-0.034,0,-0.0297259
-0.038,-0.032,0,-0.0293659
-0.038,-0.03,0,-0.0294458
-0.038,-0.028,0,-0.030029
-0.038,-0.026,0,-0.0311769
-0.038,-0.024,0,-0.0329527
-0.038,-0.022,0,-0.0354206
-0.038,-0.02,0,-0.0386469
-0.038,-0.018,0,-0.0427004
-0.038,-0.016,0,-0.0476533
-0.038,-0.014,0,-0.0535817
-0.038,-0.012,0,-0.0605667
-0.038,-0.01,0,-0.0686949
-0.038,-0.008,0,-0.0780595
-0.038,-0.006,0,-0.0887615
-0.038,-0.004,0,-0.10091
-0.038,-0.002,0,-0.114626
-0.038,0,0,-0.130041
-0.038,0.002,0,-0.1473
-0.038,0.004,0,-0.166566
-0.038,0.006,0,-0.18802
-0.038,0.008,0,-0.211868
-0.038,0.01,0,-0.238342
-0.038,0.012,0,-0.267708
-0.038,0.014,0,-0.300269
-0.038,0.016,0,-0.336374
-0.038,0.018,0,-0.376424
-0.038,0.02,0,-0.420877
-0.038,0.022,0,-0.470248
-0.038,0.024,0,-0.525105
-0.038,0.026,0,-0.586043
-0.038,0.028,0,-0.65363
-0.038,0.03,0,-0.72829
-0.038,0.032,0,-0.81007
-0.038,0.034,0,-0.898235
-0.038,0.036,0,-0.990503
-0.038,0.038,0,-1.08192
-0.038,0.04,0,-1.16284
-0.038,0.042,0,-1.21778
-0.038,0.044,0,-1.22192
-0.038,0.046,0,-1.15321
-0.038,0.048,0,-0.974196
-0.038,0.05,0,-0.738513
-0.036,-0.05,0,0
-0.036,-0.048,0,-0.0556825
-0.036,-0.046,0,-0.0372945
-0.036,-0.044,0,-0.0392257
-0.036,-0.042,0,-0.0361253
-0.036,-0.04,0,-0.0347662
-0.036,-0.038,0,-0.0333362
-0.036,-0.036,0,-0.0323467
-0.036,-0.034,0,-0.0317018
-0.036,-0.032,0,-0.0314799
-0.036,-0.03,0,-0.0317204
-0.036,-0.028,0,-0.0324779
-0.036,-0.026,0,-0.0338071
-0.036,-0.024,0,-0.0357657
-0.036,-0.022,0,-0.0384137
-0.036,-0.02,0,-0.0418138
-0.036,-0.018,0,-0.0460318
-0.036,-0.016,0,-0.051137
-0.036,-0.014,0,-0.0572026
-0.036,-0.012,0,-0.0643067
-0.036,-0.01,0,-0.0725324
-0.036,-0.008,0,-0.0819688
-0.036,-0.006,0,-0.0927118
-0.036,-0.004,0,-0.104865
-0.036,-0.002,0,-0.11854
-0.036,0,0,-0.133858
-0.036,0.002,0,-0.150953
-0.036,0.004,0,-0.16997
-0.036,0.006,0,-0.191068
-0.036,0.008,0,-0.214423
-0.036,0.01,0,-0.240231
-0.036,0.012,0,-0.268705
-0.036,0.014,0,-0.300083
-0.036,0.016,0,-0.334625
-0.036,0.018,0,-0.372612
-0.036,0.02,0,-0.414341
-0.036,0.022,0,-0.46011
-0.036,0.024,0,-0.510196
-0.036,0.026,0,-0.564804
-0.036,0.028,0,-0.623984
-0.036,0.03,0,-0.687488
-0.036,0.032,0,-0.754534
-0.036,0.034,0,-0.823434
-0.036,0.036,0,-0.891046
-0.036,0.038,0,-0.952013
-0.036,0.04,0,-0.99803
-0.036,0.042,0,-1.01716
-0.036,0.044,0,-0.99538
-0.036,0.046,0,-0.917369
-0.036,0.048,0,-0.7807
-0.036,0.05,0,-0.577478
-0.034,-0.05,0,0
-0.034,-0.048,0,-0.058747
-0.034,-0.046,0,-0.0391011
-0.034,-0.044,0,-0.0410422
-0.034,-0.042,0,-0.0377147
-0.034,-0.04,0,-0.0362866
-0.034,-0.038,0,-0.034828
-0.034,-0.036,0,-0.0338671
-0.034,-0.034,0,-0.0332892
-0.034,-0.032,0,-0.0331638
-0.034,-0.03,0,-0.0335203
-0.034,-0.028,0,-0.0344059
-0.034,-0.026,0,-0.0358685
-0.034,-0.024,0,-0.0379604
-0.034,-0.022,0,-0.0407371
-0.034,-0.02,0,-0.0442573
-0.034,-0.018,0,-0.0485833
-0.034,-0.016,0,-0.0537809
-0.034,-0.014,0,-0.0599201
-0.034,-0.012,0,-0.0670751
-0.034,-0.01,0,-0.0753249
-0.034,-0.008,0,-0.0847537
-0.034,-0.006,0,-0.0954513
-0.034,-0.004,0,-0.107514
-0.034,-0.002,0,-0.121044
-0.034,0,0,-0.136151
-0.034,0.002,0,-0.152954
-0.034,0.004,0,-0.171578
-0.034,0.006,0,-0.192159
-0.034,0.008,0,-0.214841
-0.034,0.01,0,-0.239777
-0.034,0.012,0,-0.26713
-0.034,0.014,0,-0.297068
-0.034,0.016,0,-0.329761
-0.034,0.018,0,-0.365375
-0.034,0.02,0,-0.404055
-0.034,0.022,0,-0.445906
-0.034,0.024,0,-0.490957
-0.034,0.026,0,-0.539099
-0.034,0.028,0,-0.59
-0.034,0.03,0,-0.642968
-0.034,0.032,0,-0.69675
-0.034,0.034,0,-0.749262
-0.034,0.036,0,-0.797242
-0.034,0.038,0,-0.835894
-0.034,0.04,0,-0.858632
-0.034,0.042,0,-0.857356
-0.034,0.044,0,-0.823221
-0.034,0.046,0,-0.749787
-0.034,0.048,0,-0.632774
-0.034,0.05,0,-0.483003
-0.032,-0.05,0,0
-0.032,-0.048,0,-0.0611599
-0.032,-0.046,0,-0.0405151
-0.032,-0.044,0,-0.0424557
-0.032,-0.042,0,-0.0389391
-0.032,-0.04,0,-0.0374454
-0.032,-0.038,0,-0.0359521
-0.032,-0.036,0,-0.0350021
-0.032,-0.034,0,-0.0344655
-0.032,-0.032,0,-0.0344053
-0.032,-0.03,0,-0.0348424
-0.032,-0.028,0,-0.0358174
-0.032,-0.026,0,-0.0373721
-0.032,-0.024,0,-0.0395537
-0.032,-0.022,0,-0.0424129
-0.032,-0.02,0,-0.0460046
-0.032,-0.018,0,-0.0503871
-0.032,-0.016,0,-0.0556225
-0.032,-0.014,0,-0.061777
-0.032,-0.012,0,-0.0689206
-0.032,-0.01,0,-0.0771276
-0.032,-0.008,0,-0.0864767
-0.032,-0.006,0,-0.097051
-0.032,-0.004,0,-0.108938
-0.032,-0.002,0,-0.122231
-0.032,0,0,-0.137027
-0.032,0.002,0,-0.153428
-0.032,0.004,0,-0.17154
-0.032,0.006,0,-0.191471
-0.032,0.008,0,-0.213335
-0.032,0.01,0,-0.237244
-0.032,0.012,0,-0.263307
-0.032,0.014,0,-0.291626
-0.032,0.016,0,-0.322288
-0.032,0.018,0,-0.355353
-0.032,0.02,0,-0.390836
-0.032,0.022,0,-0.42868
-0.032,0.024,0,-0.468718
-0.032,0.026,0,-0.510617
-0.032,0.028,0,-0.553791
-0.032,0.03,0,-0.597299
-0.032,0.032,0,-0.639696
-0.032,0.034,0,-0.678857
-0.032,0.036,0,-0.711807
-0.032,0.038,0,-0.734595
-0.032,0.04,0,-0.742343
-0.032,0.042,0,-0.729609
-0.032,0.044,0,-0.691316
-0.032,0.046,0,-0.623917
-0.032,0.048,0,-0.527586
-0.032,0.05,0,-0.405419
-0.03,-0.05,0,0
-0.03,-0.048,0,-0.0628355
-0.03,-0.046,0,-0.0414766
-0.03,-0.044,0,-0.0434044
-0.03,-0.042,0,-0.0397448
-0.03,-0.04,0,-0.0381965
-0.03,-0.038,0,-0.0366723
-0.03,-0.036,0,-0.0357249
-0.03,-0.034,0,-0.0352136
-0.03,-0.032,0,-0.0351958
-0.03,-0.03,0,-0.035686
-0.03,-0.028,0,-0.0367187
-0.03,-0.026,0,-0.0383305
-0.03,-0.024,0,-0.0405636
-0.03,-0.022,0,-0.0434646
-0.03,-0.02,0,-0.0470841
-0.03,-0.018,0,-0.0514765
-0.03,-0.016,0,-0.0567001
-0.03,-0.014,0,-0.062817
-0.03,-0.012,0,-0.0698927
-0.03,-0.01,0,-0.0779965
-0.03,-0.008,0,-0.0872012
-0.03,-0.006,0,-0.097583
-0.03,-0.004,0,-0.109221
-0.03,-0.002,0,-0.122198
-0.03,0,0,-0.136597
-0.03,0.002,0,-0.152504
-0.03,0.004,0,-0.170005
-0.03,0.006,0,-0.189184
-0.03,0.008,0,-0.210122
-0.03,0.01,0,-0.23289
-0.03,0.012,0,-0.25755
-0.03,0.014,0,-0.284143
-0.03,0.016,0,-0.312683
-0.03,0.018,0,-0.343138
-0.03,0.02,0,-0.375417
-0.03,0.022,0,-0.409338
-0.03,0.024,0,-0.444594
-0.03,0.026,0,-0.480701
-0.03,0.028,0,-0.516936
-0.03,0.03,0,-0.552254
-0.03,0.032,0,-0.585198
-0.03,0.034,0,-0.613805
-0.03,0.036,0,-0.635543
-0.03,0.038,0,-0.647318
-0.03,0.04,0,-0.645627
-0.03,0.042,0,-0.626933
-0.03,0.044,0,-0.588254
-0.03,0.046,0,-0.528104
-0.03,0.048,0,-0.44679
-0.03,0.05,0,-0.348379
-0.028,-0.05,0,0
-0.028,-0.048,0,-0.0637125
-0.028,-0.046,0,-0.0419423
-0.028,-0.044,0,-0.0438436
-0.028,-0.042,0,-0.0400928
-0.028,-0.04,0,-0.0385067
-0.028,-0.038,0,-0.0369623
-0.028,-0.036,0,-0.0360168
-0.028,-0.034,0,-0.0355222
-0.028,-0.032,0,-0.0355314
-0.028,-0.03,0,-0.0360536
-0.028,-0.028,0,-0.0371185
-0.028,-0.026,0,-0.0387579
-0.028,-0.024,0,-0.0410098
-0.028,-0.022,0,-0.0439166
-0.028,-0.02,0,-0.0475249
-0.028,-0.018,0,-0.0518855
-0.028,-0.016,0,-0.0570526
-0.028,-0.014,0,-0.063084
-0.028,-0.012,0,-0.070041
-0.028,-0.01,0,-0.0779875
-0.028,-0.008,0,-0.0869905
-0.028,-0.006,0,-0.0971189
-0.028,-0.004,0,-0.108443
-0.028,-0.002,0,-0.121036
-0.028,0,0,-0.134967
-0.028,0.002,0,-0.150306
-0.028,0.004,0,-0.16712
-0.028,0.006,0,-0.185469
-0.028,0.008,0,-0.205403
-0.028,0.01,0,-0.226959
-0.028,0.012,0,-0.250153
-0.028,0.014,0,-0.274975
-0.028,0.016,0,-0.301375
-0.028,0.018,0,-0.329249
-0.028,0.02,0,-0.358423
-0.028,0.022,0,-0.388626
-0.028,0.024,0,-0.419459
-0.028,0.026,0,-0.450353
-0.028,0.028,0,-0.48053
-0.028,0.03,0,-0.508941
-0.028,0.032,0,-0.534224
-0.028,0.034,0,-0.554664
-0.028,0.036,0,-0.568197
-0.028,0.038,0,-0.572476
-0.028,0.04,0,-0.565039
-0.028,0.042,0,-0.543617
-0.028,0.044,0,-0.506546
-0.028,0.046,0,-0.453246
-0.028,0.048,0,-0.384573
-0.028,0.05,0,-0.303114
-0.026,-0.05,0,0
-0.026,-0.048,0,-0.0637526
-0.026,-0.046,0,-0.0418836
-0.026,-0.044,0,-0.0437438
-0.026,-0.042,0,-0.0399573
-0.026,-0.04,0,-0.0383543
-0.026,-0.038,0,-0.0368056
-0.026,-0.036,0,-0.0358668
-0.026,-0.034,0,-0.035386
-0.026,-0.032,0,-0.0354125
-0.026,-0.03,0,-0.0359513
-0.026,-0.028,0,-0.037028
-0.026,-0.026,0,-0.0386705
-0.026,-0.024,0,-0.0409131
-0.026,-0.022,0,-0.0437942
-0.026,-0.02,0,-0.047357
-0.026,-0.018,0,-0.0516483
-0.026,-0.016,0,-0.0567187
-0.026,-0.014,0,-0.0626219
-0.026,-0.012,0,-0.0694145
-0.026,-0.01,0,-0.0771557
-0.026,-0.008,0,-0.0859062
-0.026,-0.006,0,-0.0957281
-0.026,-0.004,0,-0.106684
-0.026,-0.002,0,-0.118834
-0.026,0,0,-0.132239
-0.026,0.002,0,-0.146952
-0.026,0.004,0,-0.163022
-0.026,0.006,0,-0.180486
-0.026,0.008,0,-0.199367
-0.026,0.01,0,-0.219672
-0.026,0.012,0,-0.241379
-0.026,0.014,0,-0.264432
-0.026,0.016,0,-0.288732
-0.026,0.018,0,-0.31412
-0.026,0.02,0,-0.340362
-0.026,0.022,0,-0.367127
-0.026,0.024,0,-0.393963
-0.026,0.026,0,-0.420271
-0.026,0.028,0,-0.445269
-0.026,0.03,0,-0.467967
-0.026,0.032,0,-0.487151
-0.026,0.034,0,-0.501374
-0.026,0.036,0,-0.509
-0.026,0.038,0,-0.508284
-0.026,0.04,0,-0.497528
-0.026,0.042,0,-0.475309
-0.026,0.044,0,-0.44074
-0.026,0.046,0,-0.393776
-0.026,0.048,0,-0.335271
-0.026,0.05,0,-0.26742
-0.024,-0.05,0,0
-0.024,-0.048,0,-0.0629384
-0.024,-0.046,0,-0.0412858
-0.024,-0.044,0,-0.0430893
-0.024,-0.042,0,-0.0393246
-0.024,-0.04,0,-0.0377278
-0.024,-0.038,0,-0.0361944
-0.024,-0.036,0,-0.0352712
-0.024,-0.034,0,-0.0348059
-0.024,-0.032,0,-0.0348444
-0.024,-0.03,0,-0.0353888
-0.024,-0.028,0,-0.0364614
-0.024,-0.026,0,-0.0380869
-0.024,-0.024,0,-0.040296
-0.024,-0.022,0,-0.0431241
-0.024,-0.02,0,-0.0466108
-0.024,-0.018,0,-0.0507995
-0.024,-0.016,0,-0.0557372
-0.024,-0.014,0,-0.0614737
-0.024,-0.012,0,-0.0680613
-0.024,-0.01,0,-0.0755542
-0.024,-0.008,0,-0.0840075
-0.024,-0.006,0,-0.0934768
-0.024,-0.004,0,-0.104016
-0.024,-0.002,0,-0.115678
-0.024,0,0,-0.128509
-0.024,0.002,0,-0.142551
-0.024,0.004,0,-0.157834
-0.024,0.006,0,-0.174378
-0.024,0.008,0,-0.192182
-0.024,0.01,0,-0.211225
-0.024,0.012,0,-0.231453
-0.024,0.014,0,-0.252778
-0.024,0.016,0,-0.275059
-0.024,0.018,0,-0.298099
-0.024,0.02,0,-0.321624
-0.024,0.022,0,-0.345269
-0.024,0.024,0,-0.368561
-0.024,0.026,0,-0.3909
-0.024,0.028,0,-0.41154
-0.024,0.03,0,-0.429584
-0.024,0.032,0,-0.443977
-0.024,0.034,0,-0.453532
-0.024,0.036,0,-0.456974
-0.024,0.038,0,-0.453029
-0.024,0.04,0,-0.440545
-0.024,0.042,0,-0.418659
-0.024,0.044,0,-0.386965
-0.024,0.046,0,-0.345676
-0.024,0.048,0,-0.295646
-0.024,0.05,0,-0.238552
-0.022,-0.05,0,0
-0.022,-0.048,0,-0.0612707
-0.022,-0.046,0,-0.0401461
-0.022,-0.044,0,-0.0418768
-0.022,-0.042,0,-0.0381915
-0.022,-0.04,0,-0.0366259
-0.022,-0.038,0,-0.0351293
-0.022,-0.036,0,-0.0342334
-0.022,-0.034,0,-0.0337884
-0.022,-0.032,0,-0.0338371
-0.022,-0.03,0,-0.0343796
-0.022,-0.028,0,-0.0354358
-0.022,-0.026,0,-0.0370275
-0.022,-0.024,0,-0.0391826
-0.022,-0.022,0,-0.0419337
-0.022,-0.02,0,-0.0453173
-0.022,-0.018,0,-0.0493736
-0.022,-0.016,0,-0.0541464
-0.022,-0.014,0,-0.0596817
-0.022,-0.012,0,-0.0660278
-0.022,-0.01,0,-0.0732343
-0.022,-0.008,0,-0.0813512
-0.022,-0.006,0,-0.0904278
-0.022,-0.004,0,-0.100511
-0.022,-0.002,0,-0.111644
-0.022,0,0,-0.123865
-0.022,0.002,0,-0.137201
-0.022,0.004,0,-0.15167
-0.022,0.006,0,-0.167274
-0.022,0.008,0,-0.183993
-0.022,0.01,0,-0.201783
-0.022,0.012,0,-0.220566
-0.022,0.014,0,-0.240226
-0.022,0.016,0,-0.260597
-0.022,0.018,0,-0.281452
-0.022,0.02,0,-0.302496
-0.022,0.022,0,-0.323349
-0.022,0.024,0,-0.343539
-0.022,0.026,0,-0.362487
-0.022,0.028,0,-0.379507
-0.022,0.03,0,-0.3938
-0.022,0.032,0,-0.404474
-0.022,0.034,0,-0.410569
-0.022,0.036,0,-0.411106
-0.022,0.038,0,-0.40517
-0.022,0.04,0,-0.391999
-0.022,0.042,0,-0.371104
-0.022,0.044,0,-0.342367
-0.022,0.046,0,-0.306139
-0.022,0.048,0,-0.263205
-0.022,0.05,0,-0.214926
-0.02,-0.05,0,0
-0.02,-0.048,0,-0.0587666
-0.02,-0.046,0,-0.0384725
-0.02,-0.044,0,-0.0401144
-0.02,-0.042,0,-0.0365649
-0.02,-0.04,0,-0.0350555
-0.02,-0.038,0,-0.0336184
-0.02,-0.036,0,-0.0327632
-0.02,-0.034,0,-0.0323454
-0.02,-0.032,0,-0.032405
-0.02,-0.03,0,-0.0329409
-0.02,-0.028,0,-0.033971
-0.02,-0.026,0,-0.035515
-0.02,-0.024,0,-0.0375986
-0.02,-0.022,0,-0.0402517
-0.02,-0.02,0,-0.0435081
-0.02,-0.018,0,-0.0474055
-0.02,-0.016,0,-0.0519842
-0.02,-0.014,0,-0.0572873
-0.02,-0.012,0,-0.0633592
-0.02,-0.01,0,-0.0702454
-0.02,-0.008,0,-0.0779911
-0.02,-0.006,0,-0.08664
-0.02,-0.004,0,-0.0962326
-0.02,-0.002,0,-0.106805
-0.02,0,0,-0.118385
-0.02,0.002,0,-0.130991
-0.02,0.004,0,-0.144628
-0.02,0.006,0,-0.159283
-0.02,0.008,0,-0.174922
-0.02,0.01,0,-0.191483
-0.02,0.012,0,-0.20887
-0.02,0.014,0,-0.226946
-0.02,0.016,0,-0.245527
-0.02,0.018,0,-0.264372
-0.02,0.02,0,-0.283174
-0.02,0.022,0,-0.301555
-0.02,0.024,0,-0.319055
-0.02,0.026,0,-0.335135
-0.02,0.028,0,-0.349172
-0.02,0.03,0,-0.360472
-0.02,0.032,0,-0.368288
-0.02,0.034,0,-0.371854
-0.02,0.036,0,-0.370431
-0.02,0.038,0,-0.363372
-0.02,0.04,0,-0.350194
-0.02,0.042,0,-0.330657
-0.02,0.044,0,-0.304821
-0.02,0.046,0,-0.273097
-0.02,0.048,0,-0.236203
-0.02,0.05,0,-0.195239
-0.018,-0.05,0,0
-0.018,-0.048,0,-0.0554575
-0.018,-0.046,0,-0.0362831
-0.018,-0.044,0,-0.0378197
-0.018,-0.042,0,-0.0344605
-0.018,-0.04,0,-0.033032
-0.018,-0.038,0,-0.0316771
-0.018,-0.036,0,-0.0308768
-0.018,-0.034,0,-0.0304942
-0.018,-0.032,0,-0.030567
-0.018,-0.03,0,-0.0310935
-0.018,-0.028,0,-0.03209
-0.018,-0.026,0,-0.0335748
-0.018,-0.024,0,-0.0355715
-0.018,-0.022,0,-0.0381079
-0.018,-0.02,0,-0.0412158
-0.018,-0.018,0,-0.0449301
-0.018,-0.016,0,-0.0492887
-0.018,-0.014,0,-0.0543314
-0.018,-0.012,0,-0.0600995
-0.018,-0.01,0,-0.0666348
-0.018,-0.008,0,-0.0739782
-0.018,-0.006,0,-0.0821685
-0.018,-0.004,0,-0.0912409
-0.018,-0.002,0,-0.101224
-0.018,0,0,-0.11214
-0.018,0.002,0,-0.123997
-0.018,0.004,0,-0.136791
-0.018,0.006,0,-0.150498
-0.018,0.008,0,-0.165072
-0.018,0.01,0,-0.180436
-0.018,0.012,0,-0.196483
-0.018,0.014,0,-0.213063
-0.018,0.016,0,-0.229981
-0.018,0.018,0,-0.246988
-0.018,0.02,0,-0.263779
-0.018,0.022,0,-0.279984
-0.018,0.024,0,-0.295169
-0.018,0.026,0,-0.308836
-0.018,0.028,0,-0.320433
-0.018,0.03,0,-0.329361
-0.018,0.032,0,-0.335004
-0.018,0.034,0,-0.336756
-0.018,0.036,0,-0.334067
-0.018,0.038,0,-0.326494
-0.018,0.04,0,-0.31375
-0.018,0.042,0,-0.295764
-0.018,0.044,0,-0.272704
-0.018,0.046,0,-0.245006
-0.018,0.048,0,-0.213313
-0.018,0.05,0,-0.178536
-0.016,-0.05,0,0
-0.016,-0.048,0,-0.0513874
-0.016,-0.046,0,-0.0336042
-0.016,-0.044,0,-0.0350198
-0.016,-0.042,0,-0.0319017
-0.016,-0.04,0,-0.0305777
-0.016,-0.038,0,-0.029327
-0.016,-0.036,0,-0.0285956
-0.016,-0.034,0,-0.0282571
-0.016,-0.032,0,-0.0283462
-0.016,-0.03,0,-0.0288617
-0.016,-0.028,0,-0.0298187
-0.016,-0.026,0,-0.0312342
-0.016,-0.024,0,-0.0331306
-0.016,-0.022,0,-0.0355339
-0.016,-0.02,0,-0.0384738
-0.016,-0.018,0,-0.0419832
-0.016,-0.016,0,-0.0460976
-0.016,-0.014,0,-0.0508543
-0.016,-0.012,0,-0.0562916
-0.016,-0.01,0,-0.0624481
-0.016,-0.008,0,-0.069361
-0.016,-0.006,0,-0.0770652
-0.016,-0.004,0,-0.0855909
-0.016,-0.002,0,-0.0949621
-0.016,0,0,-0.105194
-0.016,0.002,0,-0.116288
-0.016,0.004,0,-0.128233
-0.016,0.006,0,-0.140996
-0.016,0.008,0,-0.154522
-0.016,0.01,0,-0.168727
-0.016,0.012,0,-0.183493
-0.016,0.014,0,-0.198665
-0.016,0.016,0,-0.214042
-0.016,0.018,0,-0.229376
-0.016,0.02,0,-0.244368
-0.016,0.022,0,-0.258666
-0.016,0.024,0,-0.271864
-0.016,0.026,0,-0.283511
-0.016,0.028,0,-0.29312
-0.016,0.03,0,-0.300182
-0.016,0.032,0,-0.30419
-0.016,0.034,0,-0.304673
-0.016,0.036,0,-0.301229
-0.016,0.038,0,-0.293565
-0.016,0.04,0,-0.28154
-0.016,0.042,0,-0.265194
-0.016,0.044,0,-0.244762
-0.016,0.046,0,-0.220679
-0.016,0.048,0,-0.193527
-0.016,0.05,0,-0.164063
-0.014,-0.05,0,0
-0.014,-0.048,0,-0.0466115
-0.014,-0.046,0,-0.0304699
-0.014,-0.044,0,-0.0317492
-0.014,-0.042,0,-0.0289194
-0.014,-0.04,0,-0.0277217
-0.014,-0.038,0,-0.0265958
-0.014,-0.036,0,-0.0259469
-0.014,-0.034,0,-0.0256609
-0.014,-0.032,0,-0.0257698
-0.014,-0.03,0,-0.0262733
-0.014,-0.028,0,-0.0271857
-0.014,-0.026,0,-0.0285234
-0.014,-0.024,0,-0.0303075
-0.014,-0.022,0,-0.0325625
-0.014,-0.02,0,-0.0353168
-0.014,-0.018,0,-0.0386013
-0.014,-0.016,0,-0.0424495
-0.014,-0.014,0,-0.0468964
-0.014,-0.012,0,-0.0519779
-0.014,-0.01,0,-0.0577298
-0.014,-0.008,0,-0.0641864
-0.014,-0.006,0,-0.071379
-0.014,-0.004,0,-0.0793342
-0.014,-0.002,0,-0.0880716
-0.014,0,0,-0.0976015
-0.014,0.002,0,-0.107921
-0.014,0.004,0,-0.119013
-0.014,0.006,0,-0.130839
-0.014,0.008,0,-0.143337
-0.014,0.01,0,-0.156419
-0.014,0.012,0,-0.169963
-0.014,0.014,0,-0.183809
-0.014,0.016,0,-0.197759
-0.014,0.018,0,-0.211569
-0.014,0.02,0,-0.224953
-0.014,0.022,0,-0.237578
-0.014,0.024,0,-0.249072
-0.014,0.026,0,-0.259029
-0.014,0.028,0,-0.267022
-0.014,0.03,0,-0.272622
-0.014,0.032,0,-0.275418
-0.014,0.034,0,-0.275046
-0.014,0.036,0,-0.271219
-0.014,0.038,0,-0.263763
-0.014,0.04,0,-0.252637
-0.014,0.042,0,-0.237957
-0.014,0.044,0,-0.22
-0.014,0.046,0,-0.199191
-0.014,0.048,0,-0.176052
-0.014,0.05,0,-0.151221
-0.012,-0.05,0,0
-0.012,-0.048,0,-0.0411944
-0.012,-0.046,0,-0.0269211
-0.012,-0.044,0,-0.0280499
-0.012,-0.042,0,-0.0255507
-0.012,-0.04,0,-0.0244989
-0.012,-0.038,0,-0.0235165
-0.012,-0.036,0,-0.0229624
-0.012,-0.034,0,-0.0227367
-0.012,-0.032,0,-0.0228689
-0.012,-0.03,0,-0.0233597
-0.012,-0.028,0,-0.0242231
-0.012,-0.026,0,-0.0254751
-0.012,-0.024,0,-0.0271358
-0.012,-0.022,0,-0.0292288
-0.012,-0.02,0,-0.0317811
-0.012,-0.018,0,-0.0348221
-0.012,-0.016,0,-0.0383835
-0.012,-0.014,0,-0.0424984
-0.012,-0.012,0,-0.0472007
-0.012,-0.01,0,-0.0525238
-0.012,-0.008,0,-0.0584996
-0.012,-0.006,0,-0.0651567
-0.012,-0.004,0,-0.0725188
-0.012,-0.002,0,-0.0806024
-0.012,0,0,-0.0894141
-0.012,0.002,0,-0.0989482
-0.012,0.004,0,-0.109183
-0.012,0.006,0,-0.120077
-0.012,0.008,0,-0.131566
-0.012,0.01,0,-0.143558
-0.012,0.012,0,-0.15593
-0.012,0.014,0,-0.168526
-0.012,0.016,0,-0.181149
-0.012,0.018,0,-0.193567
-0.012,0.02,0,-0.205508
-0.012,0.022,0,-0.216661
-0.012,0.024,0,-0.226688
-0.012,0.026,0,-0.235227
-0.012,0.028,0,-0.241906
-0.012,0.03,0,-0.246367
-0.012,0.032,0,-0.248276
-0.012,0.034,0,-0.24736
-0.012,0.036,0,-0.243425
-0.012,0.038,0,-0.236382
-0.012,0.04,0,-0.226266
-0.012,0.042,0,-0.213246
-0.012,0.044,0,-0.19762
-0.012,0.046,0,-0.179799
-0.012,0.048,0,-0.160253
-0.012,0.05,0,-0.139525
-0.01,-0.05,0,0
-0.01,-0.048,0,-0.0352097
-0.01,-0.046,0,-0.0230045
-0.01,-0.044,0,-0.0239697
-0.01,-0.042,0,-0.0218383
-0.01,-0.04,0,-0.0209497
-0.01,-0.038,0,-0.0201271
-0.01,-0.036,0,-0.0196785
-0.01,-0.034,0,-0.0195199
-0.01,-0.032,0,-0.0196781
-0.01,-0.03,0,-0.0201553
-0.01,-0.028,0,-0.0209655
-0.01,-0.026,0,-0.0221244
-0.01,-0.024,0,-0.0236515
-0.01,-0.022,0,-0.0255697
-0.01,-0.02,0,-0.0279048
-0.01,-0.018,0,-0.0306848
-0.01,-0.016,0,-0.03394
-0.01,-0.014,0,-0.037702
-0.01,-0.012,0,-0.0420029
-0.01,-0.01,0,-0.0468741
-0.01,-0.008,0,-0.0523456
-0.01,-0.006,0,-0.0584441
-0.01,-0.004,0,-0.0651909
-0.01,-0.002,0,-0.0726005
-0.01,0,0,-0.0806774
-0.01,0.002,0,-0.0894137
-0.01,0.004,0,-0.0987858
-0.01,0.006,0,-0.108751
-0.01,0.008,0,-0.119244
-0.01,0.01,0,-0.130173
-0.01,0.012,0,-0.141418
-0.01,0.014,0,-0.152825
-0.01,0.016,0,-0.164208
-0.01,0.018,0,-0.175344
-0.01,0.02,0,-0.185979
-0.01,0.022,0,-0.195827
-0.01,0.024,0,-0.204581
-0.01,0.026,0,-0.211922
-0.01,0.028,0,-0.217528
-0.01,0.03,0,-0.2211
-0.01,0.032,0,-0.222375
-0.01,0.034,0,-0.221149
-0.01,0.036,0,-0.217303
-0.01,0.038,0,-0.210814
-0.01,0.04,0,-0.201775
-0.01,0.042,0,-0.190389
-0.01,0.044,0,-0.176966
-0.01,0.046,0,-0.161897
-0.01,0.048,0,-0.145611
-0.01,0.05,0,-0.12857
-0.008,-0.05,0,0
-0.008,-0.048,0,-0.0287379
-0.008,-0.046,0,-0.0187719
-0.008,-0.044,0,-0.0195621
-0.008,-0.042,0,-0.01783
-0.008,-0.04,0,-0.017119
-0.008,-0.038,0,-0.0164698
-0.008,-0.036,0,-0.0161356
-0.008,-0.034,0,-0.0160496
-0.008,-0.032,0,-0.0162356
-0.008,-0.03,0,-0.016698
-0.008,-0.028,0,-0.0174507
-0.008,-0.026,0,-0.0185094
-0.008,-0.024,0,-0.0198933
-0.008,-0.022,0,-0.0216245
-0.008,-0.02,0,-0.0237278
-0.008,-0.018,0,-0.0262304
-0.008,-0.016,0,-0.0291612
-0.008,-0.014,0,-0.0325502
-0.008,-0.012,0,-0.0364282
-0.008,-0.01,0,-0.0408252
-0.008,-0.008,0,-0.0457695
-0.008,-0.006,0,-0.0512863
-0.008,-0.004,0,-0.0573956
-0.008,-0.002,0,-0.0641105
-0.008,0,0,-0.0714344
-0.008,0.002,0,-0.0793585
-0.008,0.004,0,-0.087859
-0.008,0.006,0,-0.0968935
-0.008,0.008,0,-0.106398
-0.008,0.01,0,-0.116283
-0.008,0.012,0,-0.126433
-0.008,0.014,0,-0.136702
-0.008,0.016,0,-0.146911
-0.008,0.018,0,-0.156853
-0.008,0.02,0,-0.166293
-0.008,0.022,0,-0.174969
-0.008,0.024,0,-0.182605
-0.008,0.026,0,-0.18892
-0.008,0.028,0,-0.193641
-0.008,0.03,0,-0.196518
-0.008,0.032,0,-0.197346
-0.008,0.034,0,-0.195984
-0.008,0.036,0,-0.192368
-0.008,0.038,0,-0.18653
-0.008,0.04,0,-0.178603
-0.008,0.042,0,-0.168817
-0.008,0.044,0,-0.157485
-0.008,0.046,0,-0.14498
-0.008,0.048,0,-0.131692
-0.008,0.05,0,-0.118014
-0.006,-0.05,0,0
-0.006,-0.048,0,-0.0218661
-0.006,-0.046,0,-0.0142796
-0.006,-0.044,0,-0.0148852
-0.006,-0.042,0,-0.0135779
-0.006,-0.04,0,-0.0130559
-0.006,-0.038,0,-0.0125909
-0.006,-0.036,0,-0.0123778
-0.006,-0.034,0,-0.0123681
-0.006,-0.032,0,-0.0125829
-0.006,-0.03,0,-0.0130286
-0.006,-0.028,0,-0.0137192
-0.006,-0.026,0,-0.0146707
-0.006,-0.024,0,-0.0159021
-0.006,-0.022,0,-0.0174348
-0.006,-0.02,0,-0.0192928
-0.006,-0.018,0,-0.0215023
-0.006,-0.016,0,-0.0240911
-0.006,-0.014,0,-0.027088
-0.006,-0.012,0,-0.0305224
-0.006,-0.01,0,-0.0344233
-0.006,-0.008,0,-0.0388176
-0.006,-0.006,0,-0.0437295
-0.006,-0.004,0,-0.0491782
-0.006,-0.002,0,-0.0551761
-0.006,0,0,-0.0617265
-0.006,0.002,0,-0.0688211
-0.006,0.004,0,-0.0764366
-0.006,0.006,0,-0.0845328
-0.006,0.008,0,-0.0930484
-0.006,0.01,0,-0.101899
-0.006,0.012,0,-0.110975
-0.006,0.014,0,-0.120138
-0.006,0.016,0,-0.129222
-0.006,0.018,0,-0.138036
-0.006,0.02,0,-0.146363
-0.006,0.022,0,-0.153967
-0.006,0.024,0,-0.160603
-0.006,0.026,0,-0.166023
-0.006,0.028,0,-0.169998
-0.006,0.03,0,-0.172323
-0.006,0.032,0,-0.172844
-0.006,0.034,0,-0.171469
-0.006,0.036,0,-0.168183
-0.006,0.038,0,-0.163059
-0.006,0.04,0,-0.156262
-0.006,0.042,0,-0.14804
-0.006,0.044,0,-0.138705
-0.006,0.046,0,-0.128615
-0.006,0.048,0,-0.118121
-0.006,0.05,0,-0.107562
-0.004,-0.05,0,0
-0.004,-0.048,0,-0.0146866
-0.004,-0.046,0,-0.00958752
-0.004,-0.044,0,-0.0100009
-0.004,-0.042,0,-0.00913774
-0.004,-0.04,0,-0.00881296
-0.004,-0.038,0,-0.00853985
-0.004,-0.036,0,-0.00845219
-0.004,-0.034,0,-0.00852098
-0.004,-0.032,0,-0.0087642
-0.004,-0.03,0,-0.00919053
-0.004,-0.028,0,-0.0098144
-0.004,-0.026,0,-0.0106519
-0.004,-0.024,0,-0.0117217
-0.004,-0.022,0,-0.0130449
-0.004,-0.02,0,-0.0146447
-0.004,-0.018,0,-0.0165462
-0.004,-0.016,0,-0.0187763
-0.004,-0.014,0,-0.0213626
-0.004,-0.012,0,-0.0243334
-0.004,-0.01,0,-0.0277165
-0.004,-0.008,0,-0.031538
-0.004,-0.006,0,-0.0358213
-0.004,-0.004,0,-0.0405852
-0.004,-0.002,0,-0.0458421
-0.004,0,0,-0.0515959
-0.004,0.002,0,-0.0578392
-0.004,0.004,0,-0.0645512
-0.004,0.006,0,-0.0716944
-0.004,0.008,0,-0.0792122
-0.004,0.01,0,-0.0870261
-0.004,0.012,0,-0.0950339
-0.004,0.014,0,-0.103109
-0.004,0.016,0,-0.111098
-0.004,0.018,0,-0.118825
-0.004,0.02,0,-0.126095
-0.004,0.022,0,-0.132696
-0.004,0.024,0,-0.138412
-0.004,0.026,0,-0.14303
-0.004,0.028,0,-0.146357
-0.004,0.03,0,-0.148231
-0.004,0.032,0,-0.148541
-0.004,0.034,0,-0.147238
-0.004,0.036,0,-0.144346
-0.004,0.038,0,-0.139975
-0.004,0.04,0,-0.134313
-0.004,0.042,0,-0.127621
-0.004,0.044,0,-0.120211
-0.004,0.046,0,-0.112421
-0.004,0.048,0,-0.104571
-0.004,0.05,0,-0.0969497
-0.002,-0.05,0,0
-0.002,-0.048,0,-0.00729612
-0.002,-0.046,0,-0.00475858
-0.002,-0.044,0,-0.00497434
-0.002,-0.042,0,-0.0045681
-0.002,-0.04,0,-0.00444567
-0.002,-0.038,0,-0.00436889
-0.002,-0.036,0,-0.00440883
-0.002,-0.034,0,-0.00455637
-0.002,-0.032,0,-0.00482646
-0.002,-0.03,0,-0.00523014
-0.002,-0.028,0,-0.0057821
-0.002,-0.026,0,-0.00649868
-0.002,-0.024,0,-0.00739837
-0.002,-0.022,0,-0.0085017
-0.002,-0.02,0,-0.0098311
-0.002,-0.018,0,-0.0114108
-0.002,-0.016,0,-0.0132663
-0.002,-0.014,0,-0.0154244
-0.002,-0.012,0,-0.0179121
-0.002,-0.01,0,-0.0207561
-0.002,-0.008,0,-0.0239819
-0.002,-0.006,0,-0.0276122
-0.002,-0.004,0,-0.0316658
-0.002,-0.002,0,-0.0361555
-0.002,0,0,-0.0410862
-0.002,0.002,0,-0.0464524
-0.002,0.004,0,-0.0522362
-0.002,0.006,0,-0.0584042
-0.002,0.008,0,-0.0649054
-0.002,0.01,0,-0.0716685
-0.002,0.012,0,-0.0786007
-0.002,0.014,0,-0.0855865
-0.002,0.016,0,-0.092488
-0.002,0.018,0,-0.0991467
-0.002,0.02,0,-0.105387
-0.002,0.022,0,-0.111024
-0.002,0.024,0,-0.115868
-0.002,0.026,0,-0.119739
-0.002,0.028,0,-0.122479
-0.002,0.03,0,-0.123965
-0.002,0.032,0,-0.124123
-0.002,0.034,0,-0.122942
-0.002,0.036,0,-0.120484
-0.002,0.038,0,-0.116885
-0.002,0.04,0,-0.112355
-0.002,0.042,0,-0.107164
-0.002,0.044,0,-0.101624
-0.002,0.046,0,-0.0960529
-0.002,0.048,0,-0.0907435
-0.002,0.05,0,-0.0859367
0,-0.05,0,0
0,-0.048,0,0.000205453
0,-0.046,0,0.000142092
0,-0.044,0,0.000127036
0,-0.042,0,7.01157e-05
0,-0.04,0,-1.16831e-05
0,-0.038,0,-0.000132486
0,-0.036,0,-0.000299783
0,-0.034,0,-0.000524625
0,-0.032,0,-0.000818836
0,-0.03,0,-0.00119585
0,-0.028,0,-0.00167059
0,-0.026,0,-0.00225959
0,-0.024,0,-0.00298105
0,-0.022,0,-0.00385488
0,-0.02,0,-0.00490264
0,-0.018,0,-0.00614742
0,-0.016,0,-0.00761365
0,-0.014,0,-0.00932674
0,-0.012,0,-0.0113126
0,-0.01,0,-0.0135968
0,-0.008,0,-0.016204
0,-0.006,0,-0.0191566
0,-0.004,0,-0.0224731
0,-0.002,0,-0.0261672
0,0,0,-0.030245
0,0.002,0,-0.0347035
0,0.004,0,-0.0395283
0,0.006,0,-0.0446907
0,0.008,0,-0.0501462
0,0.01,0,-0.0558319
0,0.012,0,-0.0616653
0,0.014,0,-0.0675437
0,0.016,0,-0.0733447
0,0.018,0,-0.0789281
0,0.02,0,-0.0841402
0,0.022,0,-0.0888198
0,0.024,0,-0.0928065
0,0.026,0,-0.0959515
0,0.028,0,-0.0981298
0,0.03,0,-0.0992536
0,0.032,0,-0.0992854
0,0.034,0,-0.0982493
0,0.036,0,-0.096238
0,0.038,0,-0.0934152
0,0.04,0,-0.0900092
0,0.042,0,-0.0862991
0,0.044,0,-0.0825914
0,0.046,0,-0.0791905
0,0.048,0,-0.07636
0,0.05,0,-0.0742973
0.002,-0.05,0,0
0.002,-0.048,0,0.00771594
0.002,-0.046,0,0.00504789
0.002,-0.044,0,0.00523415
0.002,-0.042,0,0.00471453
0.002,-0.04,0,0.00442984
0.002,-0.038,0,0.00411336
0.002,-0.036,0,0.00382124
0.002,-0.034,0,0.00352226
0.002,-0.032,0,0.00320775
0.002,-0.03,0,0.00286198
0.002,-0.028,0,0.00246988
0.002,-0.026,0,0.00201482
0.002,-0.024,0,0.00147904
0.002,-0.022,0,0.000843411
0.002,-0.02,0,8.74218e-05
0.002,-0.018,0,-0.000810765
0.002,-0.016,0,-0.00187418
0.002,-0.014,0,-0.0031268
0.002,-0.012,0,-0.00459311
0.002,-0.01,0,-0.00629755
0.002,-0.008,0,-0.0082637
0.002,-0.006,0,-0.0105133
0.002,-0.004,0,-0.0130651
0.002,-0.002,0,-0.0159331
0.002,0,0,-0.0191251
0.002,0.002,0,-0.0226407
0.002,0.004,0,-0.0264692
0.002,0.006,0,-0.0305875
0.002,0.008,0,-0.0349579
0.002,0.01,0,-0.0395266
0.002,0.012,0,-0.0442224
0.002,0.014,0,-0.0489562
0.002,0.016,0,-0.0536219
0.002,0.018,0,-0.0580986
0.002,0.02,0,-0.0622549
0.002,0.022,0,-0.0659546
0.002,0.024,0,-0.0690658
0.002,0.026,0,-0.0714703
0.002,0.028,0,-0.0730762
0.002,0.03,0,-0.0738304
0.002,0.032,0,-0.0737299
0.002,0.034,0,-0.0728323
0.002,0.036,0,-0.071261
0.002,0.038,0,-0.0692049
0.002,0.04,0,-0.0669104
0.002,0.042,0,-0.0646651
0.002,0.044,0,-0.0627729
0.002,0.046,0,-0.0615227
0.002,0.048,0,-0.0611511
0.002,0.05,0,-0.0618125
0.004,-0.05,0,0
0.004,-0.048,0,0.0151321
0.004,-0.046,0,0.00989154
0.004,-0.044,0,0.0102772
0.004,-0.042,0,0.00930204
0.004,-0.04,0,0.00881897
0.004,-0.038,0,0.0083118
0.004,-0.036,0,0.00789956
0.004,-0.034,0,0.00753115
0.004,-0.032,0,0.00720111
0.004,-0.03,0,0.00689153
0.004,-0.028,0,0.00658736
0.004,-0.026,0,0.00627207
0.004,-0.024,0,0.00592852
0.004,-0.022,0,0.00553858
0.004,-0.02,0,0.00508303
0.004,-0.018,0,0.00454156
0.004,-0.016,0,0.0038928
0.004,-0.014,0,0.00311452
0.004,-0.012,0,0.00218392
0.004,-0.01,0,0.0010781
0.004,-0.008,0,-0.000225258
0.004,-0.006,0,-0.00174706
0.004,-0.004,0,-0.00350569
0.004,-0.002,0,-0.0055157
0.004,0,0,-0.00778629
0.004,0.002,0,-0.0103196
0.004,0.004,0,-0.0131088
0.004,0.006,0,-0.0161362
0.004,0.008,0,-0.0193717
0.004,0.01,0,-0.0227708
0.004,0.012,0,-0.0262742
0.004,0.014,0,-0.0298071
0.004,0.016,0,-0.0332805
0.004,0.018,0,-0.0365937
0.004,0.02,0,-0.039638
0.004,0.022,0,-0.0423035
0.004,0.024,0,-0.0444868
0.004,0.026,0,-0.0461014
0.004,0.028,0,-0.0470889
0.004,0.03,0,-0.0474306
0.004,0.032,0,-0.047159
0.004,0.034,0,-0.0463655
0.004,0.036,0,-0.0452046
0.004,0.038,0,-0.0438915
0.004,0.04,0,-0.0426918
0.004,0.042,0,-0.0419029
0.004,0.044,0,-0.041827
0.004,0.046,0,-0.0427385
0.004,0.048,0,-0.0448472
0.004,0.05,0,-0.0482634
0.006,-0.05,0,0
0.006,-0.048,0,0.0223507
0.006,-0.046,0,0.014606
0.006,-0.044,0,0.0151867
0.006,-0.042,0,0.0137697
0.006,-0.04,0,0.0130958
0.006,-0.038,0,0.0124059
0.006,-0.036,0,0.0118802
0.006,-0.034,0,0.0114485
0.006,-0.032,0,0.0111084
0.006,-0.03,0,0.0108401
0.006,-0.028,0,0.0106288
0.006,-0.026,0,0.0104582
0.006,-0.024,0,0.0103122
0.006,-0.022,0,0.0101739
0.006,-0.02,0,0.0100256
0.006,-0.018,0,0.00984898
0.006,-0.016,0,0.00962462
0.006,-0.014,0,0.00933242
0.006,-0.012,0,0.00895168
0.006,-0.01,0,0.00846148
0.006,-0.008,0,0.00784119
0.006,-0.006,0,0.00707122
0.006,-0.004,0,0.00613389
0.006,-0.002,0,0.0050146
0.006,0,0,0.00370314
0.006,0.002,0,0.00219514
0.006,0.004,0,0.00049375
0.006,0.006,0,-0.00138878
0.006,0.008,0,-0.00342957
0.006,0.01,0,-0.00559385
0.006,0.012,0,-0.00783425
0.006,0.014,0,-0.0100909
0.006,0.016,0,-0.0122925
0.006,0.018,0,-0.0143589
0.006,0.02,0,-0.0162055
0.006,0.022,0,-0.0177494
0.006,0.024,0,-0.0189172
0.006,0.026,0,-0.019655
0.006,0.028,0,-0.0199395
0.006,0.03,0,-0.0197887
0.006,0.032,0,-0.0192721
0.006,0.034,0,-0.0185174
0.006,0.036,0,-0.0177129
0.006,0.038,0,-0.0171032
0.006,0.04,0,-0.0169757
0.006,0.042,0,-0.0176405
0.006,0.044,0,-0.0194003
0.006,0.046,0,-0.0225157
0.006,0.048,0,-0.0271689
0.006,0.05,0,-0.0334235
0.008,-0.05,0,0
0.008,-0.048,0,0.0292702
0.008,-0.046,0,0.0191251
0.008,-0.044,0,0.019894
0.008,-0.042,0,0.0180555
0.008,-0.04,0,0.0172013
0.008,-0.038,0,0.0163394
0.008,-0.036,0,0.0157088
0.008,-0.034,0,0.0152209
0.008,-0.032,0,0.0148766
0.008,-0.03,0,0.0146546
0.008,-0.028,0,0.0145403
0.008,-0.026,0,0.0145183
0.008,-0.024,0,0.0145736
0.008,-0.022,0,0.0146908
0.008,-0.02,0,0.0148544
0.008,-0.018,0,0.0150482
0.008,-0.016,0,0.0152553
0.008,-0.014,0,0.0154582
0.008,-0.012,0,0.0156388
0.008,-0.01,0,0.0157786
0.008,-0.008,0,0.0158595
0.008,-0.006,0,0.0158636
0.008,-0.004,0,0.0157746
0.008,-0.002,0,0.0155786
0.008,0,0,0.0152649
0.008,0.002,0,0.0148277
0.008,0.004,0,0.0142668
0.008,0.006,0,0.0135898
0.008,0.008,0,0.0128125
0.008,0.01,0,0.0119603
0.008,0.012,0,0.0110688
0.008,0.014,0,0.0101828
0.008,0.016,0,0.00935563
0.008,0.018,0,0.00864603
0.008,0.02,0,0.00811381
0.008,0.022,0,0.00781369
0.008,0.024,0,0.00778728
0.008,0.026,0,0.00805354
0.008,0.028,0,0.00859824
0.008,0.03,0,0.00936349
0.008,0.032,0,0.0102388
0.008,0.034,0,0.0110556
0.008,0.036,0,0.0115865
0.008,0.038,0,0.0115527
0.008,0.04,0,0.0106392
0.008,0.042,0,0.00851918
0.008,0.044,0,0.00488593
0.008,0.046,0,-0.000508365
0.008,0.048,0,-0.00781681
0.008,0.05,0,-0.0170514
0.01,-0.05,0,0
0.01,-0.048,0,0.0357916
0.01,-0.046,0,0.0233852
0.01,-0.044,0,0.024333
0.01,-0.042,0,0.0220996
0.01,-0.04,0,0.0210782
0.01,-0.038,0,0.0200576
0.01,-0.036,0,0.0193322
0.01,-0.034,0,0.0187961
0.01,-0.032,0,0.0184537
0.01,-0.03,0,0.0182823
0.01,-0.028,0,0.0182683
0.01,-0.026,0,0.0183971
0.01,-0.024,0,0.0186553
0.01,-0.022,0,0.0190296
0.01,-0.02,0,0.0195069
0.01,-0.018,0,0.0200736
0.01,-0.016,0,0.0207159
0.01,-0.014,0,0.0214195
0.01,-0.012,0,0.0221693
0.01,-0.01,0,0.0229503
0.01,-0.008,0,0.023747
0.01,-0.006,0,0.0245445
0.01,-0.004,0,0.0253288
0.01,-0.002,0,0.0260871
0.01,0,0,0.0268096
0.01,0.002,0,0.0274895
0.01,0.004,0,0.0281248
0.01,0.006,0,0.0287189
0.01,0.008,0,0.0292815
0.01,0.01,0,0.0298296
0.01,0.012,0,0.0303872
0.01,0.014,0,0.0309846
0.01,0.016,0,0.0316573
0.01,0.018,0,0.0324421
0.01,0.02,0,0.0333734
0.01,0.022,0,0.0344761
0.01,0.024,0,0.0357582
0.01,0.026,0,0.0372009
0.01,0.028,0,0.0387483
0.01,0.03,0,0.040298
0.01,0.032,0,0.0416924
0.01,0.034,0,0.0427149
0.01,0.036,0,0.0430915
0.01,0.038,0,0.0425005
0.01,0.04,0,0.0405912
0.01,0.042,0,0.0370129
0.01,0.044,0,0.0314504
0.01,0.046,0,0.0236668
0.01,0.048,0,0.0135404
0.01,0.05,0,0.00111846
0.012,-0.05,0,0
0.012,-0.048,0,0.0418203
0.012,-0.046,0,0.0273251
0.012,-0.044,0,0.0284407
0.012,-0.042,0,0.0258449
0.012,-0.04,0,0.024672
0.012,-0.038,0,0.0235083
0.012,-0.036,0,0.0226992
0.012,-0.034,0,0.0221235
0.012,-0.032,0,0.0217889
0.012,-0.03,0,0.0216717
0.012,-0.028,0,0.0217597
0.012,-0.026,0,0.0220395
0.012,-0.024,0,0.0224999
0.012,-0.022,0,0.0231299
0.012,-0.02,0,0.0239192
0.012,-0.018,0,0.0248578
0.012,-0.016,0,0.0259351
0.012,-0.014,0,0.0271406
0.012,-0.012,0,0.0284633
0.012,-0.01,0,0.0298919
0.012,-0.008,0,0.031415
0.012,-0.006,0,0.0330212
0.012,-0.004,0,0.0346997
0.012,-0.002,0,0.0364404
0.012,0,0,0.0382352
0.012,0.002,0,0.040078
0.012,0.004,0,0.0419659
0.012,0.006,0,0.0438998
0.012,0.008,0,0.0458846
0.012,0.01,0,0.0479301
0.012,0.012,0,0.0500499
0.012,0.014,0,0.0522609
0.012,0.016,0,0.0545809
0.012,0.018,0,0.0570255
0.012,0.02,0,0.0596029
0.012,0.022,0,0.0623071
0.012,0.024,0,0.0651101
0.012,0.026,0,0.0679518
0.012,0.028,0,0.07073
0.012,0.03,0,0.0732907
0.012,0.032,0,0.0754212
0.012,0.034,0,0.0768467
0.012,0.036,0,0.077235
0.012,0.038,0,0.0762091
0.012,0.04,0,0.0733708
0.012,0.042,0,0.0683346
0.012,0.044,0,0.0607695
0.012,0.046,0,0.0504472
0.012,0.048,0,0.0372802
0.012,0.05,0,0.021386
0.014,-0.05,0,0
0.014,-0.048,0,0.0472678
0.014,-0.046,0,0.0308885
0.014,-0.044,0,0.0321584
0.014,-0.042,0,0.0292384
0.014,-0.04,0,0.027932
0.014,-0.038,0,0.0266426
0.014,-0.036,0,0.025762
0.014,-0.034,0,0.0251554
0.014,-0.032,0,0.0248337
0.014,-0.03,0,0.0247732
0.014,-0.028,0,0.0249629
0.014,-0.026,0,0.0253916
0.014,-0.024,0,0.0260503
0.014,-0.022,0,0.0269312
0.014,-0.02,0,0.0280272
0.014,-0.018,0,0.029332
0.014,-0.016,0,0.0308394
0.014,-0.014,0,0.0325431
0.014,-0.012,0,0.0344369
0.014,-0.01,0,0.0365143
0.014,-0.008,0,0.0387685
0.014,-0.006,0,0.0411931
0.014,-0.004,0,0.0437815
0.014,-0.002,0,0.0465278
0.014,0,0,0.0494269
0.014,0.002,0,0.0524752
0.014,0.004,0,0.0556707
0.014,0.006,0,0.0590136
0.014,0.008,0,0.062506
0.014,0.01,0,0.0661523
0.014,0.012,0,0.0699578
0.014,0.014,0,0.0739276
0.014,0.016,0,0.0780636
0.014,0.018,0,0.0823607
0.014,0.02,0,0.0868011
0.014,0.022,0,0.0913473
0.014,0.024,0,0.095933
0.014,0.026,0,0.100453
0.014,0.028,0,0.104753
0.014,0.03,0,0.10862
0.014,0.032,0,0.111773
0.014,0.034,0,0.113867
0.014,0.036,0,0.114495
0.014,0.038,0,0.113207
0.014,0.04,0,0.109539
0.014,0.042,0,0.103057
0.014,0.044,0,0.0934002
0.014,0.046,0,0.080346
0.014,0.048,0,0.0638448
0.014,0.05,0,0.0440989
0.016,-0.05,0,0
0.016,-0.048,0,0.052053
0.016,-0.046,0,0.0340238
0.016,-0.044,0,0.035433
0.016,-0.042,0,0.0322323
0.016,-0.04,0,0.0308124
0.016,-0.038,0,0.0294161
0.016,-0.036,0,0.0284768
0.016,-0.034,0,0.0278475
0.016,-0.032,0,0.027543
0.016,-0.03,0,0.0275397
0.016,-0.028,0,0.0278289
0.016,-0.026,0,0.0284014
0.016,-0.024,0,0.0292513
0.016,-0.022,0,0.0303741
0.016,-0.02,0,0.0317669
0.016,-0.018,0,0.0334275
0.016,-0.016,0,0.0353545
0.016,-0.014,0,0.0375468
0.016,-0.012,0,0.0400035
0.016,-0.01,0,0.042724
0.016,-0.008,0,0.0457072
0.016,-0.006,0,0.0489526
0.016,-0.004,0,0.0524595
0.016,-0.002,0,0.0562275
0.016,0,0,0.0602565
0.016,0.002,0,0.0645471
0.016,0.004,0,0.0691007
0.016,0.006,0,0.0739189
0.016,0.008,0,0.079004
0.016,0.01,0,0.0843575
0.016,0.012,0,0.0899794
0.016,0.014,0,0.0958656
0.016,0.016,0,0.102004
0.016,0.018,0,0.108372
0.016,0.02,0,0.114927
0.016,0.022,0,0.121599
0.016,0.024,0,0.128283
0.016,0.026,0,0.134825
0.016,0.028,0,0.141012
0.016,0.03,0,0.14656
0.016,0.032,0,0.15111
0.016,0.034,0,0.154226
0.016,0.036,0,0.155404
0.016,0.038,0,0.154097
0.016,0.04,0,0.149751
0.016,0.042,0,0.141856
0.016,0.044,0,0.130008
0.016,0.046,0,0.11398
0.016,0.048,0,0.0937645
0.016,0.05,0,0.0696702
0.018,-0.05,0,0
0.018,-0.048,0,0.0561046
0.018,-0.046,0,0.0366863
0.018,-0.044,0,0.0382186
0.018,-0.042,0,0.034785
0.018,-0.04,0,0.0332729
0.018,-0.038,0,0.0317899
0.018,-0.036,0,0.0308044
0.018,-0.034,0,0.0301602
0.018,-0.032,0,0.0298756
0.018,-0.03,0,0.0299282
0.018,-0.028,0,0.0303115
0.018,-0.026,0,0.0310193
0.018,-0.024,0,0.0320493
0.018,-0.022,0,0.0334008
0.018,-0.02,0,0.0350754
0.018,-0.018,0,0.0370757
0.018,-0.016,0,0.0394057
0.018,-0.014,0,0.0420702
0.018,-0.012,0,0.0450745
0.018,-0.01,0,0.0484245
0.018,-0.008,0,0.0521262
0.018,-0.006,0,0.0561861
0.018,-0.004,0,0.0606109
0.018,-0.002,0,0.0654073
0.018,0,0,0.0705824
0.018,0.002,0,0.0761435
0.018,0.004,0,0.0820975
0.018,0.006,0,0.0884509
0.018,0.008,0,0.0952091
0.018,0.01,0,0.102375
0.018,0.012,0,0.109946
0.018,0.014,0,0.117914
0.018,0.016,0,0.126257
0.018,0.018,0,0.134936
0.018,0.02,0,0.143889
0.018,0.022,0,0.153015
0.018,0.024,0,0.16217
0.018,0.026,0,0.171149
0.018,0.028,0,0.179672
0.018,0.03,0,0.187377
0.018,0.032,0,0.193806
0.018,0.034,0,0.198411
0.018,0.036,0,0.200562
0.018,0.038,0,0.19958
0.018,0.04,0,0.194782
0.018,0.042,0,0.18555
0.018,0.044,0,0.171406
0.018,0.046,0,0.152107
0.018,0.048,0,0.127691
0.018,0.05,0,0.0986015
0.02,-0.05,0,0
0.02,-0.048,0,0.0593623
0.02,-0.046,0,0.0388389
0.02,-0.044,0,0.0404768
0.02,-0.042,0,0.0368622
0.02,-0.04,0,0.0352804
0.02,-0.038,0,0.0337313
0.02,-0.036,0,0.0327118
0.02,-0.034,0,0.0320593
0.02,-0.032,0,0.0317954
0.02,-0.03,0,0.0318997
0.02,-0.028,0,0.0323688
0.02,-0.026,0,0.0331999
0.02,-0.024,0,0.0343944
0.02,-0.022,0,0.0359564
0.02,-0.02,0,0.0378922
0.02,-0.018,0,0.0402099
0.02,-0.016,0,0.0429196
0.02,-0.014,0,0.0460323
0.02,-0.012,0,0.0495605
0.02,-0.01,0,0.0535175
0.02,-0.008,0,0.0579173
0.02,-0.006,0,0.0627749
0.02,-0.004,0,0.0681057
0.02,-0.002,0,0.0739256
0.02,0,0,0.080251
0.02,0.002,0,0.0870982
0.02,0.004,0,0.0944831
0.02,0.006,0,0.10242
0.02,0.008,0,0.110922
0.02,0.01,0,0.119998
0.02,0.012,0,0.129648
0.02,0.014,0,0.139863
0.02,0.016,0,0.15062
0.02,0.018,0,0.16187
0.02,0.02,0,0.173532
0.02,0.022,0,0.185484
0.02,0.024,0,0.197542
0.02,0.026,0,0.209449
0.02,0.028,0,0.220857
0.02,0.03,0,0.23131
0.02,0.032,0,0.240237
0.02,0.034,0,0.246947
0.02,0.036,0,0.250645
0.02,0.038,0,0.250473
0.02,0.04,0,0.245565
0.02,0.042,0,0.235141
0.02,0.044,0,0.218608
0.02,0.046,0,0.195679
0.02,0.048,0,0.166443
0.02,0.05,0,0.131514
0.022,-0.05,0,0
0.022,-0.048,0,0.0617793
0.022,-0.046,0,0.0404535
0.022,-0.044,0,0.0421792
0.022,-0.042,0,0.0384381
0.022,-0.04,0,0.0368099
0.022,-0.038,0,0.0352151
0.022,-0.036,0,0.0341729
0.022,-0.034,0,0.0335166
0.022,-0.032,0,0.033272
0.022,-0.03,0,0.0334209
0.022,-0.028,0,0.0339637
0.022,-0.026,0,0.0349017
0.022,-0.024,0,0.0362406
0.022,-0.022,0,0.0379895
0.022,-0.02,0,0.04016
0.022,-0.018,0,0.0427662
0.022,-0.016,0,0.0458247
0.022,-0.014,0,0.0493535
0.022,-0.012,0,0.0533728
0.022,-0.01,0,0.0579041
0.022,-0.008,0,0.0629706
0.022,-0.006,0,0.0685969
0.022,-0.004,0,0.0748088
0.022,-0.002,0,0.0816331
0.022,0,0,0.0890978
0.022,0.002,0,0.0972309
0.022,0.004,0,0.106061
0.022,0.006,0,0.115614
0.022,0.008,0,0.125915
0.022,0.01,0,0.136983
0.022,0.012,0,0.14883
0.022,0.014,0,0.161453
0.022,0.016,0,0.174832
0.022,0.018,0,0.188919
0.022,0.02,0,0.203625
0.022,0.022,0,0.21881
0.022,0.024,0,0.234259
0.022,0.026,0,0.249669
0.022,0.028,0,0.264618
0.022,0.03,0,0.278552
0.022,0.032,0,0.290762
0.022,0.034,0,0.300383
0.022,0.036,0,0.306408
0.022,0.038,0,0.307732
0.022,0.04,0,0.30323
0.022,0.042,0,0.29188
0.022,0.044,0,0.2729
0.022,0.046,0,0.24592
0.022,0.048,0,0.21107
0.022,0.05,0,0.169196
0.024,-0.05,0,0
0.024,-0.048,0,0.0633241
0.024,-0.046,0,0.0415123
0.024,-0.044,0,0.0433076
0.024,-0.042,0,0.0394968
0.024,-0.04,0,0.0378451
0.024,-0.038,0,0.0362244
0.024,-0.036,0,0.0351691
0.024,-0.034,0,0.0345114
0.024,-0.032,0,0.0342814
0.024,-0.03,0,0.0344644
0.024,-0.028,0,0.035065
0.024,-0.026,0,0.0360888
0.024,-0.024,0,0.0375469
0.024,-0.022,0,0.0394533
0.024,-0.02,0,0.0418257
0.024,-0.018,0,0.0446846
0.024,-0.016,0,0.0480531
0.024,-0.014,0,0.0519571
0.024,-0.012,0,0.0564249
0.024,-0.01,0,0.0614871
0.024,-0.008,0,0.0671768
0.024,-0.006,0,0.0735293
0.024,-0.004,0,0.0805822
0.024,-0.002,0,0.0883752
0.024,0,0,0.0969498
0.024,0.002,0,0.106349
0.024,0.004,0,0.116617
0.024,0.006,0,0.127796
0.024,0.008,0,0.139929
0.024,0.01,0,0.153051
0.024,0.012,0,0.167191
0.024,0.014,0,0.182364
0.024,0.016,0,0.198564
0.024,0.018,0,0.215751
0.024,0.02,0,0.233844
0.024,0.022,0,0.252696
0.024,0.024,0,0.272077
0.024,0.026,0,0.291642
0.024,0.028,0,0.310907
0.024,0.03,0,0.329211
0.024,0.032,0,0.345694
0.024,0.034,0,0.359281
0.024,0.036,0,0.368689
0.024,0.038,0,0.372481
0.024,0.04,0,0.369164
0.024,0.042,0,0.357346
0.024,0.044,0,0.335946
0.024,0.046,0,0.304427
0.024,0.048,0,0.262954
0.024,0.05,0,0.212661
0.026,-0.05,0,0
0.026,-0.048,0,0.0639824
0.026,-0.046,0,0.0420091
0.026,-0.044,0,0.043856
0.026,-0.042,0,0.0400327
0.026,-0.04,0,0.0383798
0.026,-0.038,0,0.0367514
0.026,-0.036,0,0.0356902
0.026,-0.034,0,0.0350306
0.026,-0.032,0,0.0348071
0.026,-0.03,0,0.0350096
0.026,-0.028,0,0.0356474
0.026,-0.026,0,0.0367314
0.026,-0.024,0,0.0382778
0.026,-0.022,0,0.0403067
0.026,-0.02,0,0.0428417
0.026,-0.018,0,0.04591
0.026,-0.016,0,0.0495419
0.026,-0.014,0,0.0537712
0.026,-0.012,0,0.0586348
0.026,-0.01,0,0.0641729
0.026,-0.008,0,0.0704291
0.026,-0.006,0,0.0774505
0.026,-0.004,0,0.0852877
0.026,-0.002,0,0.0939948
0.026,0,0,0.103629
0.026,0.002,0,0.114251
0.026,0.004,0,0.125924
0.026,0.006,0,0.138712
0.026,0.008,0,0.152679
0.026,0.01,0,0.167885
0.026,0.012,0,0.184385
0.026,0.014,0,0.20222
0.026,0.016,0,0.221409
0.026,0.018,0,0.241942
0.026,0.02,0,0.263755
0.026,0.022,0,0.28672
0.026,0.024,0,0.310606
0.026,0.026,0,0.335052
0.026,0.028,0,0.359523
0.026,0.03,0,0.383263
0.026,0.032,0,0.405251
0.026,0.034,0,0.424166
0.026,0.036,0,0.438386
0.026,0.038,0,0.446026
0.026,0.04,0,0.445066
0.026,0.042,0,0.433559
0.026,0.044,0,0.409932
0.026,0.046,0,0.373348
0.026,0.048,0,0.323936
0.026,0.05,0,0.263281
0.028,-0.05,0,0
0.028,-0.048,0,0.0637593
0.028,-0.046,0,0.0419504
0.028,-0.044,0,0.0438315
0.028,-0.042,0,0.0400524
0.028,-0.04,0,0.0384189
0.028,-0.038,0,0.0367984
0.028,-0.036,0,0.0357353
0.028,-0.034,0,0.0350694
0.028,-0.032,0,0.0348403
0.028,-0.03,0,0.035043
0.028,-0.028,0,0.0356927
0.028,-0.026,0,0.0368059
0.028,-0.024,0,0.0384045
0.028,-0.022,0,0.0405148
0.028,-0.02,0,0.0431666
0.028,-0.018,0,0.0463939
0.028,-0.016,0,0.0502345
0.028,-0.014,0,0.05473
0.028,-0.012,0,0.0599262
0.028,-0.01,0,0.0658733
0.028,-0.008,0,0.0726259
0.028,-0.006,0,0.0802434
0.028,-0.004,0,0.0887905
0.028,-0.002,0,0.0983368
0.028,0,0,0.108957
0.028,0.002,0,0.120733
0.028,0.004,0,0.133748
0.028,0.006,0,0.148093
0.028,0.008,0,0.163859
0.028,0.01,0,0.181138
0.028,0.012,0,0.200019
0.028,0.014,0,0.220582
0.028,0.016,0,0.242888
0.028,0.018,0,0.266968
0.028,0.02,0,0.292805
0.028,0.022,0,0.320309
0.028,0.024,0,0.349284
0.028,0.026,0,0.379385
0.028,0.028,0,0.410057
0.028,0.03,0,0.440478
0.028,0.032,0,0.469475
0.028,0.034,0,0.495466
0.028,0.036,0,0.516415
0.028,0.038,0,0.529856
0.028,0.04,0,0.533025
0.028,0.042,0,0.52313
0.028,0.044,0,0.497795
0.028,0.046,0,0.455607
0.028,0.048,0,0.396616
0.028,0.05,0,0.322802
0.03,-0.05,0,0
0.03,-0.048,0,0.0626813
0.03,-0.046,0,0.0413565
0.03,-0.044,0,0.0432556
0.03,-0.042,0,0.0395749
0.03,-0.04,0,0.0379786
0.03,-0.038,0,0.0363782
0.03,-0.036,0,0.0353129
0.03,-0.034,0,0.0346318
0.03,-0.032,0,0.0343798
0.03,-0.03,0,0.0345588
0.03,-0.028,0,0.0351899
0.03,-0.026,0,0.0362959
0.03,-0.024,0,0.037905
0.03,-0.022,0,0.0400496
0.03,-0.02,0,0.042766
0.03,-0.018,0,0.046095
0.03,-0.016,0,0.0500816
0.03,-0.014,0,0.0547754
0.03,-0.012,0,0.060231
0.03,-0.01,0,0.0665085
0.03,-0.008,0,0.0736737
0.03,-0.006,0,0.0817987
0.03,-0.004,0,0.0909626
0.03,-0.002,0,0.101252
0.03,0,0,0.11276
0.03,0.002,0,0.12559
0.03,0.004,0,0.139851
0.03,0.006,0,0.155662
0.03,0.008,0,0.173147
0.03,0.01,0,0.192438
0.03,0.012,0,0.213667
0.03,0.014,0,0.236963
0.03,0.016,0,0.262445
0.03,0.018,0,0.290208
0.03,0.02,0,0.320306
0.03,0.022,0,0.352724
0.03,0.024,0,0.387341
0.03,0.026,0,0.423875
0.03,0.028,0,0.461814
0.03,0.03,0,0.500319
0.03,0.032,0,0.538118
0.03,0.034,0,0.573378
0.03,0.036,0,0.603606
0.03,0.038,0,0.625606
0.03,0.04,0,0.635578
0.03,0.042,0,0.629461
0.03,0.044,0,0.603528
0.03,0.046,0,0.555377
0.03,0.048,0,0.484484
0.03,0.05,0,0.394049
0.032,-0.05,0,0
0.032,-0.048,0,0.0607982
0.032,-0.046,0,0.040263
0.032,-0.044,0,0.0421651
0.032,-0.042,0,0.038633
0.032,-0.04,0,0.0370879
0.032,-0.038,0,0.0355144
0.032,-0.036,0,0.0344415
0.032,-0.034,0,0.0337306
0.032,-0.032,0,0.033433
0.032,-0.03,0,0.0335584
0.032,-0.028,0,0.0341349
0.032,-0.026,0,0.035192
0.032,-0.024,0,0.0367643
0.032,-0.022,0,0.0388905
0.032,-0.02,0,0.0416134
0.032,-0.018,0,0.0449801
0.032,-0.016,0,0.0490428
0.032,-0.014,0,0.0538586
0.032,-0.012,0,0.0594908
0.032,-0.01,0,0.0660089
0.032,-0.008,0,0.0734896
0.032,-0.006,0,0.0820179
0.032,-0.004,0,0.0916871
0.032,-0.002,0,0.102601
0.032,0,0,0.114872
0.032,0.002,0,0.128626
0.032,0.004,0,0.144
0.032,0.006,0,0.161144
0.032,0.008,0,0.18022
0.032,0.01,0,0.201402
0.032,0.012,0,0.224875
0.032,0.014,0,0.25083
0.032,0.016,0,0.27946
0.032,0.018,0,0.310944
0.032,0.02,0,0.345439
0.032,0.022,0,0.383043
0.032,0.024,0,0.423764
0.032,0.026,0,0.467452
0.032,0.028,0,0.513721
0.032,0.03,0,0.561818
0.032,0.032,0,0.610471
0.032,0.034,0,0.657683
0.032,0.036,0,0.700517
0.032,0.038,0,0.734925
0.032,0.04,0,0.755736
0.032,0.042,0,0.756968
0.032,0.044,0,0.732733
0.032,0.046,0,0.678497
0.032,0.048,0,0.593334
0.032,0.05,0,0.479802
0.034,-0.05,0,0
0.034,-0.048,0,0.0581848
0.034,-0.046,0,0.0387214
0.034,-0.044,0,0.0406134
0.034,-0.042,0,0.0372739
0.034,-0.04,0,0.0357884
0.034,-0.038,0,0.0342423
0.034,-0.036,0,0.0331493
0.034,-0.034,0,0.032387
0.034,-0.032,0,0.0320145
0.034,-0.03,0,0.0320504
0.034,-0.028,0,0.0325306
0.034,-0.026,0,0.0334916
0.034,-0.024,0,0.0349747
0.034,-0.022,0,0.0370246
0.034,-0.02,0,0.0396903
0.034,-0.018,0,0.0430249
0.034,-0.016,0,0.0470872
0.034,-0.014,0,0.0519414
0.034,-0.012,0,0.0576585
0.034,-0.01,0,0.0643171
0.034,-0.008,0,0.0720043
0.034,-0.006,0,0.0808169
0.034,-0.004,0,0.0908623
0.034,-0.002,0,0.10226
0.034,0,0,0.115144
0.034,0.002,0,0.129662
0.034,0.004,0,0.145978
0.034,0.006,0,0.164276
0.034,0.008,0,0.184757
0.034,0.01,0,0.207643
0.034,0.012,0,0.233179
0.034,0.014,0,0.261626
0.034,0.016,0,0.293264
0.034,0.018,0,0.328381
0.034,0.02,0,0.367261
0.034,0.022,0,0.410164
0.034,0.024,0,0.457284
0.034,0.026,0,0.508692
0.034,0.028,0,0.564241
0.034,0.03,0,0.62342
0.034,0.032,0,0.685139
0.034,0.034,0,0.747434
0.034,0.036,0,0.807081
0.034,0.038,0,0.859184
0.034,0.04,0,0.896856
0.034,0.042,0,0.911412
0.034,0.044,0,0.893126
0.034,0.046,0,0.834326
0.034,0.048,0,0.729839
0.034,0.05,0,0.588481
0.036,-0.05,0,0
0.036,-0.048,0,0.0549414
0.036,-0.046,0,0.0368003
0.036,-0.044,0,0.0386718
0.036,-0.042,0,0.0355603
0.036,-0.04,0,0.0341358
0.036,-0.038,0,0.0326085
0.036,-0.036,0,0.0314742
0.036,-0.034,0,0.0306308
0.036,-0.032,0,0.0301464
0.036,-0.03,0,0.03005
0.036,-0.028,0,0.0303861
0.036,-0.026,0,0.0311986
0.036,-0.024,0,0.0325351
0.036,-0.022,0,0.0344462
0.036,-0.02,0,0.0369863
0.036,-0.018,0,0.0402143
0.036,-0.016,0,0.0441943
0.036,-0.014,0,0.0489969
0.036,-0.012,0,0.0547001
0.036,-0.01,0,0.0613903
0.036,-0.008,0,0.0691639
0.036,-0.006,0,0.0781287
0.036,-0.004,0,0.088405
0.036,-0.002,0,0.100128
0.036,0,0,0.113449
0.036,0.002,0,0.12854
0.036,0.004,0,0.14559
0.036,0.006,0,0.164816
0.036,0.008,0,0.186461
0.036,0.01,0,0.210796
0.036,0.012,0,0.238127
0.036,0.014,0,0.268792
0.036,0.016,0,0.303169
0.036,0.018,0,0.34167
0.036,0.02,0,0.384735
0.036,0.022,0,0.432823
0.036,0.024,0,0.48638
0.036,0.026,0,0.545793
0.036,0.028,0,0.611297
0.036,0.03,0,0.682825
0.036,0.032,0,0.759759
0.036,0.034,0,0.840531
0.036,0.036,0,0.922041
0.036,0.038,0,0.998834
0.036,0.04,0,1.06228
0.036,0.042,0,1.09981
0.036,0.044,0,1.09633
0.036,0.046,0,1.03524
0.036,0.048,0,0.911882
0.036,0.05,0,0.719205
0.038,-0.05,0,0
0.038,-0.048,0,0.0511954
0.038,-0.046,0,0.0345853
0.038,-0.044,0,0.0364305
0.038,-0.042,0,0.0335719
0.038,-0.04,0,0.0321999
0.038,-0.038,0,0.0306712
0.038,-0.036,0,0.029463
0.038,-0.034,0,0.0284983
0.038,-0.032,0,0.0278561
0.038,-0.03,0,0.0275776
0.038,-0.028,0,0.0277159
0.038,-0.026,0,0.0283223
0.038,-0.024,0,0.0294507
0.038,-0.022,0,0.0311567
0.038,-0.02,0,0.0334994
0.038,-0.018,0,0.0365423
0.038,-0.016,0,0.0403541
0.038,-0.014,0,0.0450104
0.038,-0.012,0,0.050595
0.038,-0.01,0,0.0572009
0.038,-0.008,0,0.0649323
0.038,-0.006,0,0.0739062
0.038,-0.004,0,0.0842544
0.038,-0.002,0,0.0961255
0.038,0,0,0.109688
0.038,0.002,0,0.125132
0.038,0.004,0,0.142674
0.038,0.006,0,0.16256
0.038,0.008,0,0.185072
0.038,0.01,0,0.210529
0.038,0.012,0,0.239297
0.038,0.014,0,0.271794
0.038,0.016,0,0.308499
0.038,0.018,0,0.349954
0.038,0.02,0,0.396774
0.038,0.022,0,0.449648
0.038,0.024,0,0.509327
0.038,0.026,0,0.576601
0.038,0.028,0,0.652239
0.038,0.03,0,0.736863
0.038,0.032,0,0.830704
0.038,0.034,0,0.933169
0.038,0.036,0,1.04204
0.038,0.038,0,1.15229
0.038,0.04,0,1.25396
0.038,0.042,0,1.33081
0.038,0.044,0,1.35691
0.038,0.046,0,1.30791
0.038,0.048,0,1.14618
0.038,0.05,0,0.917404
0.04,-0.05,0,0
0.04,-0.048,0,0.0470911
0.04,-0.046,0,0.0321833
0.04,-0.044,0,0.0340016
0.04,-0.042,0,0.031408
0.04,-0.04,0,0.0300658
0.04,-0.038,0,0.0284992
0.04,-0.036,0,0.0271698
0.04,-0.034,0,0.0260311
0.04,-0.032,0,0.0251755
0.04,-0.03,0,0.024657
0.04,-0.028,0,0.0245379
0.04,-0.026,0,0.0248765
0.04,-0.024,0,0.0257319
0.04,-0.022,0,0.0271638
0.04,-0.02,0,0.029235
0.04,-0.018,0,0.0320121
0.04,-0.016,0,0.0355672
0.04,-0.014,0,0.0399796
0.04,-0.012,0,0.0453371
0.04,-0.01,0,0.0517378
0.04,-0.008,0,0.0592918
0.04,-0.006,0,0.0681235
0.04,-0.004,0,0.0783737
0.04,-0.002,0,0.090202
0.04,0,0,0.10379
0.04,0.002,0,0.119346
0.04,0.004,0,0.137108
0.04,0.006,0,0.157347
0.04,0.008,0,0.180378
0.04,0.01,0,0.206565
0.04,0.012,0,0.236329
0.04,0.014,0,0.270161
0.04,0.016,0,0.308635
0.04,0.018,0,0.352423
0.04,0.02,0,0.402316
0.04,0.022,0,0.459241
0.04,0.024,0,0.524284
0.04,0.026,0,0.598703
0.04,0.028,0,0.68392
0.04,0.03,0,0.781475
0.04,0.032,0,0.89288
0.04,0.034,0,1.01923
0.04,0.036,0,1.1605
0.04,0.038,0,1.3137
0.04,0.04,0,1.47055
0.04,0.042,0,1.61029
0.04,0.044,0,1.70093
0.04,0.046,0,1.67478
0.04,0.048,0,1.5237
0.04,0.05,0,1.10777
0.042,-0.05,0,0
0.042,-0.048,0,0.0428012
0.042,-0.046,0,0.0297178
0.042,-0.044,0,0.0315285
0.042,-0.042,0,0.0291913
0.042,-0.04,0,0.0278346
0.042,-0.038,0,0.0261706
0.042,-0.036,0,0.0246534
0.042,-0.034,0,0.0232731
0.042,-0.032,0,0.0221372
0.042,-0.03,0,0.0213134
0.042,-0.028,0,0.0208723
0.042,-0.026,0,0.0208779
0.042,-0.024,0,0.0213932
0.042,-0.022,0,0.0224808
0.042,-0.02,0,0.0242054
0.042,-0.018,0,0.0266353
0.042,-0.016,0,0.0298445
0.042,-0.014,0,0.0339141
0.042,-0.012,0,0.0389343
0.042,-0.01,0,0.0450063
0.042,-0.008,0,0.0522441
0.042,-0.006,0,0.0607771
0.042,-0.004,0,0.0707522
0.042,-0.002,0,0.0823371
0.042,0,0,0.0957237
0.042,0.002,0,0.111132
0.042,0.004,0,0.128817
0.042,0.006,0,0.14907
0.042,0.008,0,0.172232
0.042,0.01,0,0.198702
0.042,0.012,0,0.228946
0.042,0.014,0,0.263514
0.042,0.016,0,0.303063
0.042,0.018,0,0.348377
0.042,0.02,0,0.400404
0.042,0.022,0,0.460294
0.042,0.024,0,0.529454
0.042,0.026,0,0.609615
0.042,0.028,0,0.7029
0.042,0.03,0,0.811914
0.042,0.032,0,0.939758
0.042,0.034,0,1.09002
0.042,0.036,0,1.26613
0.042,0.038,0,1.47073
0.042,0.04,0,1.69988
0.042,0.042,0,1.94249
0.042,0.044,0,2.14008
0.042,0.046,0,2.24455
0.042,0.048,0,1.96501
0.042,0.05,0,1.67365
0.044,-0.05,0,0
0.044,-0.048,0,0.0384165
0.044,-0.046,0,0.027385
0.044,-0.044,0,0.029194
0.044,-0.042,0,0.0270776
0.044,-0.04,0,0.0256223
0.044,-0.038,0,0.0237683
0.044,-0.036,0,0.0219725
0.044,-0.034,0,0.020266
0.044,-0.032,0,0.0187721
0.044,-0.03,0,0.0175707
0.044,-0.028,0,0.0167387
0.044,-0.026,0,0.0163441
0.044,-0.024,0,0.0164517
0.044,-0.022,0,0.017125
0.044,-0.02,0,0.0184286
0.044,-0.018,0,0.020431
0.044,-0.016,0,0.0232058
0.044,-0.014,0,0.0268345
0.044,-0.012,0,0.0314077
0.044,-0.01,0,0.0370274
0.044,-0.008,0,0.0438092
0.044,-0.006,0,0.0518847
0.044,-0.004,0,0.0614043
0.044,-0.002,0,0.0725398
0.044,0,0,0.0854891
0.044,0.002,0,0.10048
0.044,0.004,0,0.117776
0.044,0.006,0,0.137683
0.044,0.008,0,0.160558
0.044,0.01,0,0.186823
0.044,0.012,0,0.216972
0.044,0.014,0,0.2516
0.044,0.016,0,0.291418
0.044,0.018,0,0.337292
0.044,0.02,0,0.390287
0.044,0.022,0,0.451724
0.044,0.024,0,0.523272
0.044,0.026,0,0.607057
0.044,0.028,0,0.705837
0.044,0.03,0,0.823206
0.044,0.032,0,0.963984
0.044,0.034,0,1.13437
0.044,0.036,0,1.34312
0.044,0.038,0,1.59926
0.044,0.04,0,1.918
0.044,0.042,0,2.28986
0.044,0.044,0,2.73048
0.044,0.046,0,2.97434
0.044,0.048,0,3.17378
0.044,0.05,0,1.65932
0.046,-0.05,0,0
0.046,-0.048,0,0.0342063
0.046,-0.046,0,0.0254199
0.046,-0.044,0,0.0272833
0.046,-0.042,0,0.0252508
0.046,-0.04,0,0.0235528
0.046,-0.038,0,0.021371
0.046,-0.036,0,0.0191776
0.046,-0.034,0,0.0170434
0.046,-0.032,0,0.0151041
0.046,-0.03,0,0.0134477
0.046,-0.028,0,0.0121542
0.046,-0.026,0,0.0112924
0.046,-0.024,0,0.0109259
0.046,-0.022,0,0.0111168
0.046,-0.02,0,0.0119276
0.046,-0.018,0,0.0134247
0.046,-0.016,0,0.0156797
0.046,-0.014,0,0.018772
0.046,-0.012,0,0.0227907
0.046,-0.01,0,0.0278365
0.046,-0.008,0,0.0340242
0.046,-0.006,0,0.0414849
0.046,-0.004,0,0.0503687
0.046,-0.002,0,0.0608483
0.046,0,0,0.0731225
0.046,0.002,0,0.0874211
0.046,0.004,0,0.104011
0.046,0.006,0,0.123201
0.046,0.008,0,0.145356
0.046,0.01,0,0.170904
0.046,0.012,0,0.200352
0.046,0.014,0,0.234311
0.046,0.016,0,0.273518
0.046,0.018,0,0.318876
0.046,0.02,0,0.371506
0.046,0.022,0,0.432822
0.046,0.024,0,0.504634
0.046,0.026,0,0.589316
0.046,0.028,0,0.69001
0.046,0.03,0,0.811075
0.046,0.032,0,0.958403
0.046,0.034,0,1.14114
0.046,0.036,0,1.37067
0.046,0.038,0,1.67114
0.046,0.04,0,2.05772
0.046,0.042,0,2.622
0.046,0.044,0,3.2675
0.046,0.046,0,4.43925
0.046,0.048,0,3.98378
0.046,0.05,0,4.98492
0.048,-0.05,0,0
0.048,-0.048,0,0.0294669
0.048,-0.046,0,0.0248608
0.048,-0.044,0,0.0260665
0.048,-0.042,0,0.0239423
0.048,-0.04,0,0.0217305
0.048,-0.038,0,0.0190389
0.048,-0.036,0,0.0163017
0.048,-0.034,0,0.0136248
0.048,-0.032,0,0.0111464
0.048,-0.03,0,0.00895587
0.048,-0.028,0,0.00713111
0.048,-0.026,0,0.00573714
0.048,-0.024,0,0.00483359
0.048,-0.022,0,0.00447779
0.048,-0.02,0,0.00472806
0.048,-0.018,0,0.00564622
0.048,-0.016,0,0.00729989
0.048,-0.014,0,0.00976452
0.048,-0.012,0,0.0131254
0.048,-0.01,0,0.0174799
0.048,-0.008,0,0.0229392
0.048,-0.006,0,0.0296312
0.048,-0.004,0,0.0377028
0.048,-0.002,0,0.0473233
0.048,0,0,0.058688
0.048,0.002,0,0.0720228
0.048,0.004,0,0.0875898
0.048,0.006,0,0.105694
0.048,0.008,0,0.126694
0.048,0.01,0,0.151009
0.048,0.012,0,0.17914
0.048,0.014,0,0.211687
0.048,0.016,0,0.249373
0.048,0.018,0,0.293089
0.048,0.02,0,0.34394
0.048,0.022,0,0.403327
0.048,0.024,0,0.473059
0.048,0.026,0,0.555498
0.048,0.028,0,0.653909
0.048,0.03,0,0.772601
0.048,0.032,0,0.918483
0.048,0.034,0,1.09957
0.048,0.036,0,1.33577
0.048,0.038,0,1.63617
0.048,0.04,0,2.09387
0.048,0.042,0,2.63684
0.048,0.044,0,3.93477
0.048,0.046,0,4.85246
0.048,0.048,0,11.0605
0.048,0.05,0,1.6884
0.05,-0.05,0,0
0.05,-0.048,0,0.028481
0.05,-0.046,0,0.0266248
0.05,-0.044,0,0.0257976
0.05,-0.042,0,0.023343
0.05,-0.04,0,0.0201737
0.05,-0.038,0,0.0167954
0.05,-0.036,0,0.0133384
0.05,-0.034,0,0.0100056
0.05,-0.032,0,0.00689389
0.05,-0.03,0,0.00409483
0.05,-0.028,0,0.00167403
0.05,-0.026,0,-0.000310798
0.05,-0.024,0,-0.00180839
0.05,-0.022,0,-0.00276879
0.05,-0.02,0,-0.00314075
0.05,-0.018,0,-0.00286898
0.05,-0.016,0,-0.00189208
0.05,-0.014,0,-0.000140529
0.05,-0.012,0,0.00246527
0.05,-0.01,0,0.00601688
0.05,-0.008,0,0.0106199
0.05,-0.006,0,0.016396
0.05,-0.004,0,0.0234859
0.05,-0.002,0,0.0320518
0.05,0,0,0.0422809
0.05,0.002,0,0.0543898
0.05,0.004,0,0.0686292
0.05,0.006,0,0.0852908
0.05,0.008,0,0.104715
0.05,0.01,0,0.1273
0.05,0.012,0,0.153519
0.05,0.014,0,0.183932
0.05,0.016,0,0.219217
0.05,0.018,0,0.260198
0.05,0.02,0,0.307891
0.05,0.022,0,0.363579
0.05,0.024,0,0.42889
0.05,0.026,0,0.505996
0.05,0.028,0,0.597677
0.05,0.03,0,0.708199
0.05,0.032,0,0.842294
0.05,0.034,0,1.01139
0.05,0.036,0,1.2192
0.05,0.038,0,1.51765
0.05,0.04,0,1.85098
0.05,0.042,0,2.60034
0.05,0.044,0,2.99461
0.05,0.046,0,6.63358
0.05,0.048,0,6.47739
0.05,0.05,0,58.6282
