"u:0","u:1","u:2","p","node_groups"
0,0,0,0,0
0,0,0,-0.029164,0
0,0,0,-0.027214,0
0,0,0,-0.026365,0
0,0,0,-0.023907,0
0,0,0,-0.020777,0
0,0,0,-0.017499,0
0,0,0,-0.014212,0
0,0,0,-0.01113,0
0,0,0,-0.0083647,0
0,0,0,-0.0060204,0
0,0,0,-0.0041773,0
0,0,0,-0.0029078,0
0,0,0,-0.0022773,0
0,0,0,-0.0023491,0
0,0,0,-0.0031861,0
0,0,0,-0.0048531,0
0,0,0,-0.0074182,0
0,0,0,-0.010954,0
0,0,0,-0.015537,0
0,0,0,-0.021254,0
0,0,0,-0.028194,0
0,0,0,-0.036459,0
0,0,0,-0.046157,0
0,0,0,-0.057411,0
0,0,0,-0.070352,0
0,0,0,-0.085133,0
0,0,0,-0.10192,0
0,0,0,-0.12091,0
0,0,0,-0.14232,0
0,0,0,-0.16641,0
0,0,0,-0.1935,0
0,0,0,-0.22396,0
0,0,0,-0.25825,0
0,0,0,-0.29696,0
0,0,0,-0.34081,0
0,0,0,-0.39079,0
0,0,0,-0.44817,0
0,0,0,-0.5147,0
0,0,0,-0.5927,0
0,0,0,-0.68587,0
0,0,0,-0.79839,0
0,0,0,-0.9406,0
0,0,0,-1.116,0
0,0,0,-1.3728,0
0,0,0,-1.6601,0
0,0,0,-2.3365,0
0,0,0,-2.6765,0
0,0,0,-6.14,0
0,0,0,-5.9584,0
0,0,0,-57.292,0
0,0,0,0,0
0.00021468,0.0013939,0,-0.030218,0
0.0001142,0.00079746,0,-0.025469,0
2.0953e-05,0.00081272,0,-0.026729,0
-7.512e-05,0.0008743,0,-0.024622,0
-0.00016214,0.0011337,0,-0.022482,0
-0.00024299,0.0015433,0,-0.019912,0
-0.00031774,0.0021034,0,-0.017364,0
-0.00038758,0.0028022,0,-0.014953,0
-0.00045339,0.0036326,0,-0.012831,0
-0.0005161,0.0045881,0,-0.011099,0
-0.00057654,0.0056638,0,-0.0098481,0
-0.00063546,0.0068563,0,-0.0091563,0
-0.00069349,0.0081632,0,-0.0090954,0
-0.00075123,0.0095835,0,-0.0097338,0
-0.00080917,0.011117,0,-0.011139,0
-0.00086777,0.012765,0,-0.013381,0
-0.00092742,0.014528,0,-0.01653,0
-0.00098849,0.01641,0,-0.020663,0
-0.0010513,0.018412,0,-0.025861,0
-0.0011163,0.02054,0,-0.032212,0
-0.0011838,0.022796,0,-0.03981,0
-0.0012543,0.025187,0,-0.048761,0
-0.0013282,0.027717,0,-0.059178,0
-0.0014062,0.030396,0,-0.071189,0
-0.0014892,0.033229,0,-0.084935,0
-0.001578,0.036229,0,-0.10057,0
-0.0016741,0.039407,0,-0.11829,0
-0.0017791,0.042778,0,-0.13829,0
-0.0018953,0.046362,0,-0.16082,0
-0.0020255,0.05018,0,-0.18616,0
-0.0021734,0.054263,0,-0.21466,0
-0.0023441,0.058647,0,-0.24675,0
-0.0025439,0.063381,0,-0.28294,0
-0.0027814,0.068526,0,-0.32389,0
-0.0030682,0.074159,0,-0.37044,0
-0.0034198,0.080385,0,-0.42372,0
-0.0038577,0.087338,0,-0.48517,0
-0.0044122,0.095197,0,-0.5568,0
-0.0051264,0.1042,0,-0.64143,0
-0.0060647,0.11469,0,-0.74288,0
-0.0073228,0.1271,0,-0.8674,0
-0.0090587,0.1421,0,-1.0225,0
-0.01151,0.16057,0,-1.2266,0
-0.01516,0.18413,0,-1.489,0
-0.020646,0.21405,0,-1.8975,0
-0.029916,0.256,0,-2.3874,0
-0.043764,0.30474,0,-3.5995,0
-0.066338,0.38058,0,-4.4481,0
-0.015749,0.30217,0,-10.504,0
1,0,0,-1.1517,0
0,0,0,0,0
0.00034115,0.0019703,0,-0.035106,0
0.00019838,0.0014405,0,-0.026064,0
-7.7932e-05,0.0017003,0,-0.028014,0
-0.00038415,0.0020023,0,-0.026006,0
-0.0006878,0.0026074,0,-0.024397,0
-0.00097845,0.0034609,0,-0.022348,0
-0.0012539,0.0045742,0,-0.020351,0
-0.0015149,0.0059342,0,-0.018486,0
-0.0017634,0.0075325,0,-0.016901,0
-0.0020019,0.0093604,0,-0.015695,0
-0.0022327,0.011411,0,-0.01496,0
-0.0024584,0.013679,0,-0.014775,0
-0.0026811,0.016161,0,-0.015217,0
-0.0029027,0.018856,0,-0.016355,0
-0.003125,0.021762,0,-0.018261,0
-0.0033495,0.024882,0,-0.021006,0
-0.0035778,0.028219,0,-0.024664,0
-0.0038111,0.031775,0,-0.029315,0
-0.0040506,0.035556,0,-0.035041,0
-0.0042976,0.039567,0,-0.041932,0
-0.0045535,0.043816,0,-0.050086,0
-0.0048198,0.048311,0,-0.059609,0
-0.0050982,0.053062,0,-0.07062,0
-0.005391,0.05808,0,-0.083248,0
-0.0057008,0.063377,0,-0.097641,0
-0.0060313,0.068971,0,-0.11396,0
-0.0063868,0.07488,0,-0.1324,0
-0.0067731,0.081128,0,-0.15317,0
-0.0071978,0.087742,0,-0.17653,0
-0.0076703,0.09476,0,-0.20279,0
-0.0082031,0.10222,0,-0.23229,0
-0.0088123,0.11019,0,-0.26549,0
-0.0095187,0.11873,0,-0.30293,0
-0.01035,0.12792,0,-0.3453,0
-0.011341,0.13788,0,-0.39348,0
-0.012539,0.14875,0,-0.44862,0
-0.014008,0.1607,0,-0.51221,0
-0.015833,0.17394,0,-0.58628,0
-0.018131,0.18876,0,-0.67361,0
-0.021062,0.20549,0,-0.77809,0
-0.024852,0.22455,0,-0.90512,0
-0.029812,0.24639,0,-1.0632,0
-0.036381,0.27148,0,-1.2632,0
-0.045062,0.29998,0,-1.5281,0
-0.056389,0.33117,0,-1.8726,0
-0.069242,0.36071,0,-2.3859,0
-0.077424,0.37557,0,-2.9728,0
-0.040431,0.33162,0,-4.077,0
0.19138,0.16539,0,-3.5458,0
1,0,0,-4.5362,0
0,0,0,0,0
0.00027153,0.0023795,0,-0.039402,0
3.1602e-05,0.0019803,0,-0.028063,0
-0.00045396,0.002563,0,-0.029961,0
-0.0010305,0.0032036,0,-0.02787,0
-0.0016284,0.0042119,0,-0.026508,0
-0.0022176,0.0055347,0,-0.024789,0
-0.002787,0.0071944,0,-0.023188,0
-0.0033338,0.0091814,0,-0.021745,0
-0.0038595,0.01149,0,-0.020593,0
-0.0043674,0.014112,0,-0.019824,0
-0.0048615,0.01704,0,-0.019526,0
-0.0053458,0.02027,0,-0.019777,0
-0.0058245,0.023798,0,-0.020651,0
-0.0063012,0.027621,0,-0.02222,0
-0.0067793,0.03174,0,-0.024557,0
-0.0072618,0.036157,0,-0.027734,0
-0.0077515,0.040874,0,-0.031825,0
-0.0082509,0.045896,0,-0.036912,0
-0.0087625,0.051228,0,-0.043078,0
-0.0092886,0.056877,0,-0.050415,0
-0.009832,0.062851,0,-0.05902,0
-0.010395,0.06916,0,-0.069002,0
-0.010982,0.075813,0,-0.080479,0
-0.011596,0.082824,0,-0.093584,0
-0.012242,0.090207,0,-0.10846,0
-0.012928,0.097979,0,-0.12528,0
-0.01366,0.10616,0,-0.14423,0
-0.01445,0.11477,0,-0.16553,0
-0.015312,0.12385,0,-0.18943,0
-0.016261,0.13342,0,-0.21623,0
-0.01732,0.14353,0,-0.24631,0
-0.018518,0.15424,0,-0.28008,0
-0.019888,0.1656,0,-0.3181,0
-0.021477,0.1777,0,-0.36103,0
-0.023341,0.19062,0,-0.40971,0
-0.025553,0.20447,0,-0.46522,0
-0.028205,0.21937,0,-0.52896,0
-0.031411,0.23546,0,-0.60276,0
-0.035315,0.25286,0,-0.68903,0
-0.040086,0.27166,0,-0.79102,0
-0.045908,0.29184,0,-0.91312,0
-0.052938,0.31316,0,-1.0611,0
-0.061154,0.33478,0,-1.2433,0
-0.069971,0.35476,0,-1.4681,0
-0.077035,0.3686,0,-1.7506,0
-0.075159,0.367,0,-2.0809,0
-0.042819,0.33178,0,-2.4765,0
0.07507,0.2391,0,-2.6712,0
0.39665,0.090433,0,-2.843,0
1,0,0,-1.2888,0
0,0,0,0,0
5.807e-05,0.0027497,0,-0.043815,0
-0.00040626,0.0024768,0,-0.0304,0
-0.0011651,0.0033855,0,-0.032296,0
-0.0020635,0.0043884,0,-0.02998,0
-0.0030111,0.0058181,0,-0.028714,0
-0.0039614,0.0076124,0,-0.027179,0
-0.0048926,0.0098001,0,-0.025849,0
-0.0057969,0.012375,0,-0.024719,0
-0.0066735,0.015335,0,-0.023908,0
-0.0075256,0.018673,0,-0.023493,0
-0.0083581,0.022384,0,-0.023556,0
-0.0091767,0.026463,0,-0.024171,0
-0.0099871,0.030908,0,-0.02541,0
-0.010795,0.035717,0,-0.027343,0
-0.011604,0.040889,0,-0.030041,0
-0.012421,0.046427,0,-0.033578,0
-0.013248,0.052334,0,-0.038028,0
-0.01409,0.058612,0,-0.043471,0
-0.01495,0.065269,0,-0.049992,0
-0.015833,0.07231,0,-0.057681,0
-0.01674,0.079742,0,-0.066635,0
-0.017677,0.087574,0,-0.076964,0
-0.018648,0.095815,0,-0.088782,0
-0.019659,0.10448,0,-0.10222,0
-0.020717,0.11357,0,-0.11743,0
-0.021831,0.1231,0,-0.13456,0
-0.023011,0.1331,0,-0.15381,0
-0.024272,0.14357,0,-0.17539,0
-0.025632,0.15454,0,-0.19954,0
-0.027113,0.16603,0,-0.22655,0
-0.028744,0.17807,0,-0.25677,0
-0.03056,0.19068,0,-0.2906,0
-0.032604,0.20392,0,-0.32854,0
-0.034928,0.2178,0,-0.3712,0
-0.037595,0.23237,0,-0.41932,0
-0.04068,0.24764,0,-0.47385,0
-0.044265,0.26363,0,-0.53595,0
-0.048437,0.28029,0,-0.60709,0
-0.053274,0.29749,0,-0.68911,0
-0.058808,0.31494,0,-0.78434,0
-0.064951,0.33208,0,-0.89556,0
-0.071331,0.34783,0,-1.0261,0
-0.07693,0.36022,0,-1.179,0
-0.07928,0.3658,0,-1.3568,0
-0.072754,0.35869,0,-1.5557,0
-0.044914,0.32977,0,-1.7651,0
0.029749,0.26803,0,-1.9275,0
0.19738,0.16843,0,-2.0005,0
0.51407,0.056597,0,-1.6889,0
1,0,0,-1.3995,0
0,0,0,0,0
-0.00029462,0.0030995,0,-0.048069,0
-0.0010976,0.0029408,0,-0.032835,0
-0.0022102,0.0041555,0,-0.034732,0
-0.0034869,0.0055076,0,-0.032155,0
-0.004833,0.007345,0,-0.030896,0
-0.0061926,0.00959,0,-0.029449,0
-0.0075364,0.012272,0,-0.028294,0
-0.0088516,0.015387,0,-0.027389,0
-0.010135,0.018933,0,-0.026837,0
-0.011389,0.022907,0,-0.026702,0
-0.012619,0.027305,0,-0.027056,0
-0.013831,0.032122,0,-0.027968,0
-0.015034,0.037358,0,-0.029506,0
-0.016232,0.043009,0,-0.031737,0
-0.017434,0.049078,0,-0.034731,0
-0.018645,0.055565,0,-0.038558,0
-0.019869,0.062472,0,-0.043294,0
-0.021113,0.069803,0,-0.049017,0
-0.02238,0.077562,0,-0.055809,0
-0.023675,0.085753,0,-0.06376,0
-0.025003,0.094382,0,-0.072966,0
-0.026366,0.10345,0,-0.083533,0
-0.027772,0.11297,0,-0.095573,0
-0.029226,0.12295,0,-0.10921,0
-0.030736,0.13338,0,-0.1246,0
-0.032312,0.14428,0,-0.14187,0
-0.033965,0.15565,0,-0.16122,0
-0.035712,0.16749,0,-0.18284,0
-0.037572,0.17981,0,-0.20697,0
-0.039567,0.19262,0,-0.23386,0
-0.041726,0.2059,0,-0.26382,0
-0.044084,0.21967,0,-0.29723,0
-0.04668,0.2339,0,-0.3345,0
-0.049558,0.24857,0,-0.37616,0
-0.052763,0.26363,0,-0.42281,0
-0.05634,0.279,0,-0.4752,0
-0.060316,0.29452,0,-0.5342,0
-0.064686,0.30996,0,-0.60084,0
-0.069368,0.32491,0,-0.67633,0
-0.07413,0.33872,0,-0.76195,0
-0.078445,0.35035,0,-0.859,0
-0.081227,0.35817,0,-0.96837,0
-0.08032,0.35963,0,-1.0899,0
-0.071578,0.35098,0,-1.2206,0
-0.047241,0.32706,0,-1.3524,0
0.0065303,0.28195,0,-1.4653,0
0.11236,0.2119,0,-1.529,0
0.30077,0.12249,0,-1.4773,0
0.5988,0.037791,0,-1.3095,0
1,0,0,-0.87596,0
0,0,0,0,0
-0.00077326,0.0034237,0,-0.052079,0
-0.0020198,0.0033655,0,-0.035172,0
-0.0035651,0.004857,0,-0.037088,0
-0.0052779,0.0065275,0,-0.034242,0
-0.0070676,0.0087391,0,-0.032944,0
-0.0088765,0.011396,0,-0.031524,0
-0.010672,0.014526,0,-0.030475,0
-0.012438,0.018123,0,-0.029726,0
-0.014169,0.022185,0,-0.029366,0
-0.015868,0.026711,0,-0.029446,0
-0.017539,0.031697,0,-0.030029,0
-0.019191,0.03714,0,-0.031177,0
-0.02083,0.04304,0,-0.032953,0
-0.022466,0.049396,0,-0.035421,0
-0.024105,0.056206,0,-0.038647,0
-0.025755,0.063473,0,-0.0427,0
-0.027421,0.071197,0,-0.047653,0
-0.029109,0.079381,0,-0.053582,0
-0.030824,0.088026,0,-0.060567,0
-0.03257,0.097135,0,-0.068695,0
-0.034352,0.10671,0,-0.07806,0
-0.036173,0.11675,0,-0.088761,0
-0.038038,0.12725,0,-0.10091,0
-0.039954,0.13822,0,-0.11463,0
-0.041926,0.14965,0,-0.13004,0
-0.043963,0.16153,0,-0.1473,0
-0.046076,0.17386,0,-0.16657,0
-0.048278,0.18663,0,-0.18802,0
-0.050584,0.1998,0,-0.21187,0
-0.053012,0.21337,0,-0.23834,0
-0.055584,0.2273,0,-0.26771,0
-0.058323,0.24154,0,-0.30027,0
-0.061251,0.25601,0,-0.33637,0
-0.064385,0.27063,0,-0.37642,0
-0.06773,0.28525,0,-0.42088,0
-0.071269,0.29967,0,-0.47025,0
-0.074934,0.3136,0,-0.5251,0
-0.078575,0.3266,0,-0.58604,0
-0.081892,0.33805,0,-0.65363,0
-0.084324,0.34704,0,-0.72829,0
-0.084863,0.35226,0,-0.81007,0
-0.081737,0.35186,0,-0.89824,0
-0.071898,0.34334,0,-0.9905,0
-0.050216,0.32352,0,-1.0819,0
-0.0083707,0.28887,0,-1.1628,0
0.066313,0.23679,0,-1.2178,0
0.19103,0.16824,0,-1.2219,0
0.38442,0.091834,0,-1.1532,0
0.65728,0.027081,0,-0.9742,0
1,0,0,-0.73851,0
0,0,0,0,0
-0.0013645,0.0037128,0,-0.055683,0
-0.0031465,0.0037406,0,-0.037294,0
-0.0051959,0.005474,0,-0.039226,0
-0.0073986,0.0074234,0,-0.036125,0
-0.0096729,0.0099638,0,-0.034766,0
-0.011965,0.012982,0,-0.033336,0
-0.014242,0.016503,0,-0.032347,0
-0.016488,0.020514,0,-0.031702,0
-0.018696,0.025016,0,-0.03148,0
-0.02087,0.030006,0,-0.03172,0
-0.023014,0.03548,0,-0.032478,0
-0.025136,0.041439,0,-0.033807,0
-0.027245,0.047879,0,-0.035766,0
-0.02935,0.0548,0,-0.038414,0
-0.031458,0.062202,0,-0.041814,0
-0.033578,0.070085,0,-0.046032,0
-0.035715,0.078449,0,-0.051137,0
-0.037875,0.087294,0,-0.057203,0
-0.040062,0.096618,0,-0.064307,0
-0.04228,0.10642,0,-0.072532,0
-0.044533,0.1167,0,-0.081969,0
-0.046822,0.12745,0,-0.092712,0
-0.04915,0.13866,0,-0.10486,0
-0.051522,0.15033,0,-0.11854,0
-0.05394,0.16243,0,-0.13386,0
-0.056408,0.17496,0,-0.15095,0
-0.058933,0.18787,0,-0.16997,0
-0.06152,0.20115,0,-0.19107,0
-0.064177,0.21475,0,-0.21442,0
-0.066911,0.2286,0,-0.24023,0
-0.069727,0.24265,0,-0.26871,0
-0.072627,0.2568,0,-0.30008,0
-0.075602,0.27091,0,-0.33463,0
-0.078627,0.28482,0,-0.37261,0
-0.081648,0.29831,0,-0.41434,0
-0.084561,0.31106,0,-0.46011,0
-0.087178,0.32267,0,-0.5102,0
-0.089179,0.33256,0,-0.5648,0
-0.090026,0.33997,0,-0.62398,0
-0.088837,0.34386,0,-0.68749,0
-0.084184,0.34287,0,-0.75453,0
-0.073796,0.33525,0,-0.82343,0
-0.054126,0.31889,0,-0.89105,0
-0.019793,0.29155,0,-0.95201,0
0.036984,0.25139,0,-0.99803,0
0.12662,0.19817,0,-1.0172,0
0.26127,0.13513,0,-0.99538,0
0.45167,0.070954,0,-0.91737,0
0.7014,0.02023,0,-0.7807,0
1,0,0,-0.57748,0
0,0,0,0,0
-0.0020523,0.0039578,0,-0.058747,0
-0.0044481,0.0040572,0,-0.039101,0
-0.0070633,0.0059937,0,-0.041042,0
-0.0098027,0.0081774,0,-0.037715,0
-0.012597,0.010994,0,-0.036287,0
-0.015399,0.014316,0,-0.034828,0
-0.018181,0.018161,0,-0.033867,0
-0.020927,0.022514,0,-0.033289,0
-0.023633,0.027375,0,-0.033164,0
-0.026301,0.032737,0,-0.03352,0
-0.028937,0.0386,0,-0.034406,0
-0.03155,0.044961,0,-0.035869,0
-0.034149,0.051819,0,-0.03796,0
-0.036743,0.059172,0,-0.040737,0
-0.039339,0.06702,0,-0.044257,0
-0.041947,0.075362,0,-0.048583,0
-0.044571,0.084196,0,-0.053781,0
-0.047216,0.093519,0,-0.05992,0
-0.049886,0.10333,0,-0.067075,0
-0.052582,0.11362,0,-0.075325,0
-0.055305,0.12438,0,-0.084754,0
-0.058056,0.1356,0,-0.095451,0
-0.060833,0.14726,0,-0.10751,0
-0.063635,0.15935,0,-0.12104,0
-0.06646,0.17184,0,-0.13615,0
-0.069306,0.18469,0,-0.15295,0
-0.07217,0.19787,0,-0.17158,0
-0.075046,0.21131,0,-0.19216,0
-0.07793,0.22495,0,-0.21484,0
-0.08081,0.2387,0,-0.23978,0
-0.083669,0.25245,0,-0.26713,0
-0.086477,0.26606,0,-0.29707,0
-0.089186,0.27935,0,-0.32976,0
-0.091716,0.29209,0,-0.36537,0
-0.093941,0.30398,0,-0.40405,0
-0.095658,0.31465,0,-0.44591,0
-0.096552,0.32358,0,-0.49096,0
-0.096131,0.33014,0,-0.5391,0
-0.093642,0.3335,0,-0.59,0
-0.087937,0.33264,0,-0.64297,0
-0.077295,0.32627,0,-0.69675,0
-0.059171,0.31295,0,-0.74926,0
-0.029898,0.29113,0,-0.79724,0
0.015631,0.25948,0,-0.83589,0
0.084123,0.21749,0,-0.85863,0
0.18362,0.16633,0,-0.85736,0
0.32234,0.11001,0,-0.82322,0
0.5062,0.056157,0,-0.74979,0
0.73515,0.015664,0,-0.63277,0
1,0,0,-0.483,0
0,0,0,0,0
-0.0028193,0.0041515,0,-0.06116,0
-0.0058932,0.0043085,0,-0.040515,0
-0.0091248,0.0064071,0,-0.042456,0
-0.012439,0.0087777,0,-0.038939,0
-0.015782,0.011814,0,-0.037445,0
-0.019115,0.015375,0,-0.035952,0
-0.022417,0.019475,0,-0.035002,0
-0.025676,0.024094,0,-0.034466,0
-0.028891,0.029229,0,-0.034405,0
-0.032064,0.034872,0,-0.034842,0
-0.035203,0.041021,0,-0.035817,0
-0.038317,0.047674,0,-0.037372,0
-0.041415,0.05483,0,-0.039554,0
-0.044507,0.062485,0,-0.042413,0
-0.0476,0.070639,0,-0.046005,0
-0.050702,0.079289,0,-0.050387,0
-0.053818,0.088432,0,-0.055623,0
-0.05695,0.098061,0,-0.061777,0
-0.060099,0.10817,0,-0.068921,0
-0.063266,0.11875,0,-0.077128,0
-0.066448,0.12979,0,-0.086477,0
-0.069639,0.14126,0,-0.097051,0
-0.072835,0.15315,0,-0.10894,0
-0.076027,0.16542,0,-0.12223,0
-0.079205,0.17804,0,-0.13703,0
-0.082358,0.19095,0,-0.15343,0
-0.085471,0.20409,0,-0.17154,0
-0.088524,0.2174,0,-0.19147,0
-0.091493,0.23077,0,-0.21334,0
-0.094344,0.2441,0,-0.23724,0
-0.097032,0.25723,0,-0.26331,0
-0.099489,0.26998,0,-0.29163,0
-0.10162,0.28214,0,-0.32229,0
-0.10329,0.29342,0,-0.35535,0
-0.10428,0.30347,0,-0.39084,0
-0.1043,0.31187,0,-0.42868,0
-0.10292,0.31807,0,-0.46872,0
-0.099487,0.32141,0,-0.51062,0
-0.093079,0.32108,0,-0.55379,0
-0.082368,0.31614,0,-0.5973,0
-0.065474,0.30551,0,-0.6397,0
-0.039789,0.2881,0,-0.67886,0
-0.0017968,0.26291,0,-0.71181,0
0.053046,0.2294,0,-0.73459,0
0.13023,0.18791,0,-0.74234,0
0.23575,0.14033,0,-0.72961,0
0.37497,0.090684,0,-0.69132,0
0.55089,0.045345,0,-0.62392,0
0.7619,0.012438,0,-0.52759,0
1,0,0,-0.40542,0
0,0,0,0,0
-0.0036474,0.0042888,0,-0.062836,0
-0.0074492,0.0044903,0,-0.041477,0
-0.011336,0.0067086,0,-0.043404,0
-0.015255,0.0092174,0,-0.039745,0
-0.019166,0.012415,0,-0.038197,0
-0.023045,0.01615,0,-0.036672,0
-0.026876,0.020432,0,-0.035725,0
-0.030655,0.025238,0,-0.035214,0
-0.034381,0.03056,0,-0.035196,0
-0.038062,0.036391,0,-0.035686,0
-0.041706,0.042726,0,-0.036719,0
-0.045322,0.049563,0,-0.03833,0
-0.04892,0.056899,0,-0.040564,0
-0.05251,0.064732,0,-0.043465,0
-0.056098,0.073058,0,-0.047084,0
-0.059692,0.081873,0,-0.051476,0
-0.063293,0.091173,0,-0.0567,0
-0.066904,0.10095,0,-0.062817,0
-0.070521,0.11119,0,-0.069893,0
-0.074142,0.12188,0,-0.077996,0
-0.077758,0.13301,0,-0.087201,0
-0.081359,0.14453,0,-0.097583,0
-0.084933,0.15644,0,-0.10922,0
-0.088464,0.16868,0,-0.1222,0
-0.091931,0.1812,0,-0.1366,0
-0.09531,0.19394,0,-0.1525,0
-0.098572,0.20682,0,-0.17001,0
-0.10168,0.21976,0,-0.18918,0
-0.10459,0.23263,0,-0.21012,0
-0.10724,0.24528,0,-0.23289,0
-0.10954,0.25756,0,-0.25755,0
-0.1114,0.26924,0,-0.28414,0
-0.11267,0.28008,0,-0.31268,0
-0.11314,0.28976,0,-0.34314,0
-0.11254,0.2979,0,-0.37542,0
-0.11048,0.30405,0,-0.40934,0
-0.10641,0.30766,0,-0.44459,0
-0.099578,0.3081,0,-0.4807,0
-0.088942,0.30463,0,-0.51694,0
-0.073076,0.29644,0,-0.55225,0
-0.050065,0.2827,0,-0.5852,0
-0.017391,0.26265,0,-0.6138,0
0.028148,0.23578,0,-0.63554,0
0.090424,0.2021,0,-0.64732,0
0.17379,0.16249,0,-0.64563,0
0.28258,0.11908,0,-0.62693,0
0.42022,0.07558,0,-0.58825,0
0.58795,0.037199,0,-0.5281,0
0.78347,0.010078,0,-0.44679,0
1,0,0,-0.34838,0
0,0,0,0,0
-0.0045187,0.0043661,0,-0.063712,0
-0.0090835,0.0046002,0,-0.041942,0
-0.013653,0.0068957,0,-0.043844,0
-0.018195,0.0094938,0,-0.040093,0
-0.022688,0.012794,0,-0.038507,0
-0.027119,0.016636,0,-0.036962,0
-0.031482,0.021027,0,-0.036017,0
-0.035779,0.02594,0,-0.035522,0
-0.040015,0.031363,0,-0.035531,0
-0.0442,0.037289,0,-0.036054,0
-0.048342,0.043712,0,-0.037118,0
-0.052454,0.050627,0,-0.038758,0
-0.056546,0.058032,0,-0.04101,0
-0.060625,0.065922,0,-0.043917,0
-0.0647,0.074293,0,-0.047525,0
-0.068774,0.08314,0,-0.051885,0
-0.072848,0.092456,0,-0.057053,0
-0.07692,0.10223,0,-0.063084,0
-0.080985,0.11245,0,-0.070041,0
-0.085033,0.12309,0,-0.077988,0
-0.089053,0.13413,0,-0.086991,0
-0.093026,0.14554,0,-0.097119,0
-0.096931,0.15728,0,-0.10844,0
-0.10074,0.1693,0,-0.12104,0
-0.10443,0.18154,0,-0.13497,0
-0.10795,0.19392,0,-0.15031,0
-0.11126,0.20635,0,-0.16712,0
-0.11431,0.21873,0,-0.18547,0
-0.11701,0.23091,0,-0.2054,0
-0.11929,0.24273,0,-0.22696,0
-0.12103,0.25401,0,-0.25015,0
-0.12207,0.26451,0,-0.27498,0
-0.12223,0.27395,0,-0.30137,0
-0.12125,0.282,0,-0.32925,0
-0.11877,0.28828,0,-0.35842,0
-0.11434,0.29233,0,-0.38863,0
-0.10732,0.29364,0,-0.41946,0
-0.096892,0.29162,0,-0.45035,0
-0.081946,0.28563,0,-0.48053,0
-0.061033,0.27504,0,-0.50894,0
-0.032295,0.25923,0,-0.53422,0
0.0065991,0.23775,0,-0.55466,0
0.058459,0.21046,0,-0.5682,0
0.12649,0.17774,0,-0.57248,0
0.21407,0.14073,0,-0.56504,0
0.32426,0.10159,0,-0.54362,0
0.45916,0.063567,0,-0.50655,0
0.61897,0.030902,0,-0.45325,0
0.80117,0.008291,0,-0.38457,0
1,0,0,-0.30311,0
0,0,0,0,0
-0.0054154,0.0043815,0,-0.063753,0
-0.010764,0.0046375,0,-0.041884,0
-0.01603,0.0069682,0,-0.043744,0
-0.021205,0.0096076,0,-0.039957,0
-0.026284,0.012951,0,-0.038354,0
-0.031267,0.016835,0,-0.036806,0
-0.036158,0.021263,0,-0.035867,0
-0.040967,0.026203,0,-0.035386,0
-0.045704,0.031644,0,-0.035412,0
-0.050382,0.037575,0,-0.035951,0
-0.055012,0.043989,0,-0.037028,0
-0.059607,0.050881,0,-0.038671,0
-0.064179,0.058246,0,-0.040913,0
-0.068734,0.06608,0,-0.043794,0
-0.073278,0.074378,0,-0.047357,0
-0.077815,0.083131,0,-0.051648,0
-0.082342,0.092332,0,-0.056719,0
-0.086853,0.10197,0,-0.062622,0
-0.091339,0.11202,0,-0.069415,0
-0.095785,0.12246,0,-0.077156,0
-0.10017,0.13327,0,-0.085906,0
-0.10447,0.14441,0,-0.095728,0
-0.10866,0.15583,0,-0.10668,0
-0.11269,0.16748,0,-0.11883,0
-0.11653,0.17928,0,-0.13224,0
-0.12011,0.19115,0,-0.14695,0
-0.12337,0.20298,0,-0.16302,0
-0.12624,0.21466,0,-0.18049,0
-0.12862,0.22603,0,-0.19937,0
-0.13038,0.23692,0,-0.21967,0
-0.13138,0.24712,0,-0.24138,0
-0.13143,0.25638,0,-0.26443,0
-0.13029,0.26443,0,-0.28873,0
-0.12765,0.27092,0,-0.31412,0
-0.1231,0.27549,0,-0.34036,0
-0.11613,0.27769,0,-0.36713,0
-0.10604,0.27705,0,-0.39396,0
-0.09198,0.27306,0,-0.42027,0
-0.072814,0.26519,0,-0.44527,0
-0.047135,0.25296,0,-0.46797,0
-0.013199,0.23597,0,-0.48715,0
0.031084,0.21401,0,-0.50137,0
0.088119,0.1872,0,-0.509,0
0.16051,0.15614,0,-0.50828,0
0.25081,0.12208,0,-0.49753,0
0.36116,0.087044,0,-0.47531,0
0.49274,0.05385,0,-0.44074,0
0.64514,0.025921,0,-0.39378,0
0.81587,0.0069006,0,-0.33527,0
1,0,0,-0.26742,0
0,0,0,0,0
-0.0063205,0.0043347,0,-0.062938,0
-0.012458,0.004603,0,-0.041286,0
-0.018424,0.0069283,0,-0.043089,0
-0.024232,0.0095625,0,-0.039325,0
-0.029892,0.012893,0,-0.037728,0
-0.03542,0.016755,0,-0.036194,0
-0.04083,0.021148,0,-0.035271,0
-0.046139,0.026039,0,-0.034806,0
-0.051362,0.031416,0,-0.034844,0
-0.056517,0.037265,0,-0.035389,0
-0.061618,0.043578,0,-0.036461,0
-0.066679,0.050349,0,-0.038087,0
-0.071711,0.057573,0,-0.040296,0
-0.076722,0.065244,0,-0.043124,0
-0.081716,0.073356,0,-0.046611,0
-0.086692,0.0819,0,-0.0508,0
-0.091647,0.090866,0,-0.055737,0
-0.09657,0.10024,0,-0.061474,0
-0.10145,0.11,0,-0.068061,0
-0.10626,0.12012,0,-0.075554,0
-0.11097,0.13056,0,-0.084008,0
-0.11556,0.1413,0,-0.093477,0
-0.11997,0.15226,0,-0.10402,0
-0.12417,0.16341,0,-0.11568,0
-0.12809,0.17464,0,-0.12851,0
-0.13165,0.18588,0,-0.14255,0
-0.13478,0.19701,0,-0.15783,0
-0.13738,0.20789,0,-0.17438,0
-0.13931,0.21838,0,-0.19218,0
-0.14044,0.22828,0,-0.21122,0
-0.14058,0.23738,0,-0.23145,0
-0.1395,0.24543,0,-0.25278,0
-0.13692,0.25216,0,-0.27506,0
-0.13249,0.25722,0,-0.2981,0
-0.12576,0.26027,0,-0.32162,0
-0.11617,0.26091,0,-0.34527,0
-0.10301,0.2587,0,-0.36856,0
-0.085394,0.25323,0,-0.3909,0
-0.062221,0.24408,0,-0.41154,0
-0.032157,0.23089,0,-0.42958,0
0.0063905,0.21344,0,-0.44398,0
0.055254,0.19171,0,-0.45353,0
0.11645,0.166,0,-0.45697,0
0.19206,0.13701,0,-0.45303,0
0.284,0.10601,0,-0.44054,0
0.3937,0.074825,0,-0.41866,0
0.52174,0.045861,0,-0.38697,0
0.66737,0.021899,0,-0.34568,0
0.8282,0.0057925,0,-0.29565,0
1,0,0,-0.23855,0
0,0,0,0,0
-0.0072176,0.0042264,0,-0.061271,0
-0.014137,0.0044985,0,-0.040146,0
-0.020795,0.0067795,0,-0.041877,0
-0.027224,0.009364,0,-0.038192,0
-0.033455,0.012627,0,-0.036626,0
-0.039513,0.016405,0,-0.035129,0
-0.045425,0.020695,0,-0.034233,0
-0.051215,0.025465,0,-0.033788,0
-0.056906,0.030698,0,-0.033837,0
-0.062517,0.036382,0,-0.03438,0
-0.068068,0.042506,0,-0.035436,0
-0.073573,0.049065,0,-0.037027,0
-0.079043,0.056052,0,-0.039183,0
-0.084485,0.063461,0,-0.041934,0
-0.089903,0.071284,0,-0.045317,0
-0.095293,0.079512,0,-0.049374,0
-0.10065,0.088133,0,-0.054146,0
-0.10595,0.09713,0,-0.059682,0
-0.11119,0.10648,0,-0.066028,0
-0.11633,0.11616,0,-0.073234,0
-0.12133,0.12613,0,-0.081351,0
-0.12616,0.13635,0,-0.090428,0
-0.13076,0.14675,0,-0.10051,0
-0.13506,0.15728,0,-0.11164,0
-0.139,0.16786,0,-0.12386,0
-0.14249,0.17837,0,-0.1372,0
-0.14541,0.18872,0,-0.15167,0
-0.14765,0.19875,0,-0.16727,0
-0.14906,0.20831,0,-0.18399,0
-0.14946,0.21721,0,-0.20178,0
-0.14864,0.22524,0,-0.22057,0
-0.14634,0.23215,0,-0.24023,0
-0.14224,0.23766,0,-0.2606,0
-0.13596,0.24147,0,-0.28145,0
-0.12701,0.24324,0,-0.3025,0
-0.11482,0.24261,0,-0.32335,0
-0.098656,0.23923,0,-0.34354,0
-0.077653,0.23274,0,-0.36249,0
-0.050761,0.22282,0,-0.37951,0
-0.016741,0.20924,0,-0.3938,0
0.025829,0.19191,0,-0.40447,0
0.078532,0.17094,0,-0.41057,0
0.14304,0.14673,0,-0.41111,0
0.22098,0.12004,0,-0.40517,0
0.31376,0.092066,0,-0.392,0
0.42233,0.06444,0,-0.3711,0
0.54683,0.039192,0,-0.34237,0
0.68634,0.01859,0,-0.30614,0
0.83861,0.0048906,0,-0.2632,0
1,0,0,-0.21493,0
0,0,0,0,0
-0.0080914,0.0040582,0,-0.058767,0
-0.015772,0.004327,0,-0.038473,0
-0.023102,0.0065269,0,-0.040114,0
-0.030134,0.0090198,0,-0.036565,0
-0.036914,0.012163,0,-0.035056,0
-0.043481,0.015799,0,-0.033618,0
-0.049874,0.019923,0,-0.032763,0
-0.056123,0.024501,0,-0.032345,0
-0.062257,0.029516,0,-0.032405,0
-0.068301,0.034956,0,-0.032941,0
-0.074276,0.04081,0,-0.033971,0
-0.080198,0.04707,0,-0.035515,0
-0.086079,0.053731,0,-0.037599,0
-0.091926,0.060785,0,-0.040252,0
-0.097739,0.068225,0,-0.043508,0
-0.10351,0.07604,0,-0.047405,0
-0.10924,0.084217,0,-0.051984,0
-0.11489,0.09274,0,-0.057287,0
-0.12045,0.10158,0,-0.063359,0
-0.12588,0.11072,0,-0.070245,0
-0.13114,0.12011,0,-0.077991,0
-0.13617,0.12972,0,-0.08664,0
-0.14091,0.13947,0,-0.096233,0
-0.14528,0.14931,0,-0.1068,0
-0.14919,0.15914,0,-0.11838,0
-0.15254,0.16887,0,-0.13099,0
-0.1552,0.17838,0,-0.14463,0
-0.15702,0.18754,0,-0.15928,0
-0.15785,0.19617,0,-0.17492,0
-0.15746,0.20409,0,-0.19148,0
-0.15563,0.2111,0,-0.20887,0
-0.15206,0.21695,0,-0.22695,0
-0.1464,0.22139,0,-0.24553,0
-0.13826,0.22413,0,-0.26437,0
-0.12712,0.22487,0,-0.28317,0
-0.1124,0.22329,0,-0.30155,0
-0.093381,0.21909,0,-0.31906,0
-0.069221,0.21198,0,-0.33513,0
-0.038939,0.20175,0,-0.34917,0
-0.001407,0.18825,0,-0.36047,0
0.044629,0.17148,0,-0.36829,0
0.10051,0.15165,0,-0.37185,0
0.16761,0.12921,0,-0.37043,0
0.2472,0.10492,0,-0.36337,0
0.34029,0.079873,0,-0.35019,0
0.44744,0.055512,0,-0.33066,0
0.56853,0.033543,0,-0.30482,0
0.70255,0.01582,0,-0.2731,0
0.84743,0.0041427,0,-0.2362,0
1,0,0,-0.19524,0
0,0,0,0,0
-0.0089278,0.0038329,0,-0.055457,0
-0.017336,0.004092,0,-0.036283,0
-0.025308,0.0061765,0,-0.03782,0
-0.032915,0.0085388,0,-0.03446,0
-0.040216,0.011515,0,-0.033032,0
-0.047266,0.014954,0,-0.031677,0
-0.054111,0.018851,0,-0.030877,0
-0.060791,0.023171,0,-0.030494,0
-0.067341,0.0279,0,-0.030567,0
-0.073789,0.033022,0,-0.031093,0
-0.080159,0.038529,0,-0.03209,0
-0.086469,0.044412,0,-0.033575,0
-0.092732,0.050664,0,-0.035571,0
-0.098954,0.057279,0,-0.038108,0
-0.10513,0.064249,0,-0.041216,0
-0.11126,0.071563,0,-0.04493,0
-0.11732,0.079208,0,-0.049289,0
-0.1233,0.087167,0,-0.054331,0
-0.12915,0.095415,0,-0.0601,0
-0.13484,0.10392,0,-0.066635,0
-0.14031,0.11266,0,-0.073978,0
-0.14551,0.12156,0,-0.082169,0
-0.15035,0.13059,0,-0.091241,0
-0.15474,0.13967,0,-0.10122,0
-0.15859,0.14871,0,-0.11214,0
-0.16176,0.15761,0,-0.124,0
-0.16412,0.16626,0,-0.13679,0
-0.16549,0.17453,0,-0.1505,0
-0.16569,0.18224,0,-0.16507,0
-0.16449,0.18923,0,-0.18044,0
-0.16162,0.19529,0,-0.19648,0
-0.15677,0.20021,0,-0.21306,0
-0.14958,0.20373,0,-0.22998,0
-0.13961,0.20559,0,-0.24699,0
-0.12636,0.20554,0,-0.26378,0
-0.10924,0.20329,0,-0.27998,0
-0.087556,0.1986,0,-0.29517,0
-0.060503,0.19125,0,-0.30884,0
-0.027176,0.18108,0,-0.32043,0
0.013436,0.16803,0,-0.32936,0
0.062427,0.15216,0,-0.335,0
0.12093,0.13374,0,-0.33676,0
0.19005,0.11323,0,-0.33407,0
0.27076,0.091356,0,-0.32649,0
0.36377,0.069113,0,-0.31375,0
0.46938,0.047746,0,-0.29576,0
0.58728,0.028691,0,-0.2727,0
0.71643,0.013466,0,-0.24501,0
0.85492,0.0035116,0,-0.21331,0
1,0,0,-0.17854,0
0,0,0,0,0
-0.0097135,0.0035539,0,-0.051387,0
-0.018806,0.0037979,0,-0.033604,0
-0.02738,0.0057355,0,-0.03502,0
-0.035524,0.0079313,0,-0.031902,0
-0.043313,0.010696,0,-0.030578,0
-0.050812,0.013888,0,-0.029327,0
-0.058078,0.017501,0,-0.028596,0
-0.065157,0.021505,0,-0.028257,0
-0.07209,0.025883,0,-0.028346,0
-0.07891,0.030621,0,-0.028862,0
-0.085643,0.03571,0,-0.029819,0
-0.092311,0.041142,0,-0.031234,0
-0.098923,0.046911,0,-0.033131,0
-0.10549,0.053011,0,-0.035534,0
-0.112,0.059432,0,-0.038474,0
-0.11845,0.066166,0,-0.041983,0
-0.12482,0.0732,0,-0.046098,0
-0.13108,0.080516,0,-0.050854,0
-0.1372,0.088091,0,-0.056292,0
-0.14311,0.095897,0,-0.062448,0
-0.14878,0.1039,0,-0.069361,0
-0.1541,0.11204,0,-0.077065,0
-0.15902,0.12028,0,-0.085591,0
-0.16341,0.12855,0,-0.094962,0
-0.16716,0.13675,0,-0.10519,0
-0.17013,0.1448,0,-0.11629,0
-0.17216,0.15258,0,-0.12823,0
-0.17307,0.15996,0,-0.141,0
-0.17263,0.1668,0,-0.15452,0
-0.17061,0.17291,0,-0.16873,0
-0.16671,0.17812,0,-0.18349,0
-0.16062,0.18221,0,-0.19866,0
-0.15194,0.18496,0,-0.21404,0
-0.14023,0.18615,0,-0.22938,0
-0.12499,0.18554,0,-0.24437,0
-0.10564,0.18289,0,-0.25867,0
-0.081506,0.178,0,-0.27186,0
-0.051842,0.17071,0,-0.28351,0
-0.015817,0.16092,0,-0.29312,0
0.027468,0.14861,0,-0.30018,0
0.078958,0.1339,0,-0.30419,0
0.1396,0.11707,0,-0.30467,0
0.21027,0.098584,0,-0.30123,0
0.29172,0.079108,0,-0.29357,0
0.38442,0.059527,0,-0.28154,0
0.48846,0.040912,0,-0.26519,0
0.60342,0.024466,0,-0.24476,0
0.72828,0.011433,0,-0.22068,0
0.86128,0.0029704,0,-0.19353,0
1,0,0,-0.16406,0
0,0,0,0,0
-0.010437,0.0032254,0,-0.046611,0
-0.020158,0.0034496,0,-0.03047,0
-0.029286,0.0052115,0,-0.031749,0
-0.037923,0.0072083,0,-0.028919,0
-0.046159,0.0097207,0,-0.027722,0
-0.054069,0.01262,0,-0.026596,0
-0.061717,0.0159,0,-0.025947,0
-0.069159,0.019532,0,-0.025661,0
-0.07644,0.0235,0,-0.02577,0
-0.083598,0.027793,0,-0.026273,0
-0.090661,0.032401,0,-0.027186,0
-0.097651,0.037317,0,-0.028523,0
-0.10458,0.042535,0,-0.030307,0
-0.11145,0.04805,0,-0.032563,0
-0.11827,0.053854,0,-0.035317,0
-0.12501,0.059938,0,-0.038601,0
-0.13166,0.06629,0,-0.042449,0
-0.13818,0.072894,0,-0.046896,0
-0.14452,0.079728,0,-0.051978,0
-0.15064,0.086766,0,-0.05773,0
-0.15646,0.093973,0,-0.064186,0
-0.1619,0.1013,0,-0.071379,0
-0.16686,0.10871,0,-0.079334,0
-0.17123,0.11612,0,-0.088072,0
-0.17487,0.12346,0,-0.097601,0
-0.17763,0.13064,0,-0.10792,0
-0.17933,0.13756,0,-0.11901,0
-0.17977,0.14408,0,-0.13084,0
-0.17871,0.15007,0,-0.14334,0
-0.1759,0.15537,0,-0.15642,0
-0.17102,0.15981,0,-0.16996,0
-0.16374,0.1632,0,-0.18381,0
-0.15366,0.16535,0,-0.19776,0
-0.14033,0.16604,0,-0.21157,0
-0.12325,0.16507,0,-0.22495,0
-0.10186,0.16226,0,-0.23758,0
-0.075514,0.15743,0,-0.24907,0
-0.043525,0.15047,0,-0.25903,0
-0.0051375,0.1413,0,-0.26702,0
0.040444,0.12997,0,-0.27262,0
0.094031,0.11661,0,-0.27542,0
0.15641,0.1015,0,-0.27505,0
0.22827,0.085079,0,-0.27122,0
0.31017,0.067954,0,-0.26376,0
0.40241,0.050899,0,-0.25264,0
0.50493,0.034826,0,-0.23796,0
0.61725,0.020738,0,-0.22,0
0.73835,0.009653,0,-0.19919,0
0.86665,0.0024989,0,-0.17605,0
1,0,0,-0.15122,0
0,0,0,0,0
-0.011087,0.0028519,0,-0.041194,0
-0.021374,0.0030524,0,-0.026921,0
-0.030998,0.0046132,0,-0.02805,0
-0.040078,0.0063819,0,-0.025551,0
-0.048713,0.0086063,0,-0.024499,0
-0.056989,0.011172,0,-0.023516,0
-0.064979,0.014074,0,-0.022962,0
-0.072745,0.017285,0,-0.022737,0
-0.080336,0.020792,0,-0.022869,0
-0.087794,0.024584,0,-0.02336,0
-0.09515,0.028654,0,-0.024223,0
-0.10243,0.032995,0,-0.025475,0
-0.10964,0.037603,0,-0.027136,0
-0.11679,0.042472,0,-0.029229,0
-0.12387,0.047597,0,-0.031781,0
-0.13087,0.052969,0,-0.034822,0
-0.13776,0.058578,0,-0.038383,0
-0.14451,0.06441,0,-0.042498,0
-0.15106,0.070445,0,-0.047201,0
-0.15735,0.07666,0,-0.052524,0
-0.16331,0.083023,0,-0.0585,0
-0.16885,0.089494,0,-0.065157,0
-0.17384,0.096024,0,-0.072519,0
-0.17818,0.10255,0,-0.080602,0
-0.18171,0.10901,0,-0.089414,0
-0.18426,0.11532,0,-0.098948,0
-0.18564,0.12137,0,-0.10918,0
-0.18564,0.12706,0,-0.12008,0
-0.184,0.13225,0,-0.13157,0
-0.18044,0.13681,0,-0.14356,0
-0.17465,0.14058,0,-0.15593,0
-0.16626,0.14338,0,-0.16853,0
-0.15489,0.14506,0,-0.18115,0
-0.14008,0.14542,0,-0.19357,0
-0.12134,0.14429,0,-0.20551,0
-0.09812,0.14152,0,-0.21666,0
-0.069818,0.13697,0,-0.22669,0
-0.035792,0.13054,0,-0.23523,0
0.0046394,0.12222,0,-0.24191,0
0.052175,0.11205,0,-0.24637,0
0.10751,0.10017,0,-0.24828,0
0.17128,0.08687,0,-0.24736,0
0.24406,0.072535,0,-0.24342,0
0.32621,0.057706,0,-0.23638,0
0.41792,0.04305,0,-0.22627,0
0.51903,0.029339,0,-0.21325,0
0.629,0.017404,0,-0.19762,0
0.74686,0.008071,0,-0.1798,0
0.87116,0.002082,0,-0.16025,0
1,0,0,-0.13952,0
0,0,0,0,0
-0.011654,0.0024389,0,-0.03521,0
-0.022434,0.0026123,0,-0.023004,0
-0.032491,0.0039494,0,-0.02397,0
-0.041956,0.0054647,0,-0.021838,0
-0.050939,0.0073696,0,-0.02095,0
-0.059534,0.0095663,0,-0.020127,0
-0.067821,0.01205,0,-0.019679,0
-0.075867,0.014797,0,-0.01952,0
-0.083727,0.017798,0,-0.019678,0
-0.091446,0.021042,0,-0.020155,0
-0.099057,0.024525,0,-0.020966,0
-0.10658,0.02824,0,-0.022124,0
-0.11404,0.032184,0,-0.023652,0
-0.12143,0.036355,0,-0.02557,0
-0.12875,0.040746,0,-0.027905,0
-0.13598,0.045353,0,-0.030685,0
-0.14309,0.050166,0,-0.03394,0
-0.15003,0.055174,0,-0.037702,0
-0.15676,0.060361,0,-0.042003,0
-0.16321,0.065706,0,-0.046874,0
-0.16929,0.071181,0,-0.052346,0
-0.17491,0.076752,0,-0.058444,0
-0.17993,0.082377,0,-0.065191,0
-0.18424,0.088002,0,-0.072601,0
-0.18766,0.093566,0,-0.080677,0
-0.19002,0.098992,0,-0.089414,0
-0.19112,0.1042,0,-0.098786,0
-0.19071,0.10907,0,-0.10875,0
-0.18853,0.11352,0,-0.11924,0
-0.1843,0.1174,0,-0.13017,0
-0.17769,0.12057,0,-0.14142,0
-0.16832,0.12291,0,-0.15283,0
-0.1558,0.12424,0,-0.16421,0
-0.13967,0.12441,0,-0.17534,0
-0.11946,0.12329,0,-0.18598,0
-0.094629,0.12074,0,-0.19583,0
-0.06462,0.11664,0,-0.20458,0
-0.028836,0.11094,0,-0.21192,0
0.013337,0.10363,0,-0.21753,0
0.062516,0.094756,0,-0.2211,0
0.11929,0.084477,0,-0.22237,0
0.18419,0.073035,0,-0.22115,0
0.25765,0.060787,0,-0.2173,0
0.33993,0.048196,0,-0.21081,0
0.43109,0.03583,0,-0.20177,0
0.53092,0.024332,0,-0.19039,0
0.63884,0.014381,0,-0.17697,0
0.75395,0.0066446,0,-0.1619,0
0.8749,0.0017076,0,-0.14561,0
1,0,0,-0.12857,0
0,0,0,0,0
-0.01213,0.0019918,0,-0.028738,0
-0.023324,0.0021355,0,-0.018772,0
-0.033745,0.0032299,0,-0.019562,0
-0.043532,0.0044702,0,-0.01783,0
-0.052806,0.0060288,0,-0.017119,0
-0.061667,0.0078258,0,-0.01647,0
-0.070203,0.0098571,0,-0.016136,0
-0.078484,0.012105,0,-0.01605,0
-0.08657,0.01456,0,-0.016236,0
-0.094508,0.017216,0,-0.016698,0
-0.10233,0.020068,0,-0.017451,0
-0.11007,0.023114,0,-0.018509,0
-0.11774,0.026351,0,-0.019893,0
-0.12534,0.029777,0,-0.021624,0
-0.13286,0.03339,0,-0.023728,0
-0.14028,0.037185,0,-0.02623,0
-0.14757,0.041157,0,-0.029161,0
-0.1547,0.045297,0,-0.03255,0
-0.16159,0.049593,0,-0.036428,0
-0.16817,0.054028,0,-0.040825,0
-0.17436,0.058579,0,-0.04577,0
-0.18005,0.06322,0,-0.051286,0
-0.18511,0.067913,0,-0.057396,0
-0.18939,0.072614,0,-0.06411,0
-0.19272,0.077272,0,-0.071434,0
-0.19492,0.081821,0,-0.079359,0
-0.19577,0.086187,0,-0.087859,0
-0.19501,0.090285,0,-0.096893,0
-0.19238,0.094017,0,-0.1064,0
-0.18757,0.097274,0,-0.11628,0
-0.18024,0.09994,0,-0.12643,0
-0.17001,0.10189,0,-0.1367,0
-0.15649,0.10299,0,-0.14691,0
-0.13923,0.10311,0,-0.15685,0
-0.11775,0.10213,0,-0.16629,0
-0.091549,0.099937,0,-0.17497,0
-0.060088,0.096452,0,-0.18261,0
-0.022818,0.091624,0,-0.18892,0
0.020816,0.085452,0,-0.19364,0
0.071357,0.077995,0,-0.19652,0
0.12931,0.069389,0,-0.19735,0
0.19511,0.059849,0,-0.19598,0
0.26908,0.049682,0,-0.19237,0
0.3514,0.039278,0,-0.18653,0
0.44205,0.029109,0,-0.1786,0
0.54075,0.019701,0,-0.16882,0
0.64694,0.011602,0,-0.15748,0
0.75974,0.0053393,0,-0.14498,0
0.87794,0.0013662,0,-0.13169,0
1,0,0,-0.11801,0
0,0,0,0,0
-0.012509,0.0015169,0,-0.021866,0
-0.024031,0.0016285,0,-0.01428,0
-0.03474,0.0024645,0,-0.014885,0
-0.044783,0.0034121,0,-0.013578,0
-0.054287,0.0046025,0,-0.013056,0
-0.06336,0.005975,0,-0.012591,0
-0.072094,0.0075267,0,-0.012378,0
-0.080562,0.0092447,0,-0.012368,0
-0.088829,0.011123,0,-0.012583,0
-0.096944,0.013157,0,-0.013029,0
-0.10494,0.015344,0,-0.013719,0
-0.11285,0.017684,0,-0.014671,0
-0.12069,0.020176,0,-0.015902,0
-0.12846,0.022821,0,-0.017435,0
-0.13615,0.025617,0,-0.019293,0
-0.14373,0.028563,0,-0.021502,0
-0.15119,0.031656,0,-0.024091,0
-0.15846,0.034891,0,-0.027088,0
-0.16549,0.03826,0,-0.030522,0
-0.1722,0.041751,0,-0.034423,0
-0.17849,0.045348,0,-0.038818,0
-0.18424,0.04903,0,-0.043729,0
-0.18934,0.052769,0,-0.049178,0
-0.19361,0.056531,0,-0.055176,0
-0.19689,0.060273,0,-0.061727,0
-0.19897,0.063944,0,-0.068821,0
-0.19962,0.067484,0,-0.076437,0
-0.19858,0.070822,0,-0.084533,0
-0.19558,0.073877,0,-0.093048,0
-0.19029,0.076562,0,-0.1019,0
-0.18237,0.078777,0,-0.11097,0
-0.17144,0.080418,0,-0.12014,0
-0.15709,0.081377,0,-0.12922,0
-0.13889,0.081546,0,-0.13804,0
-0.11636,0.080824,0,-0.14636,0
-0.089018,0.079121,0,-0.15397,0
-0.056357,0.07637,0,-0.1606,0
-0.017865,0.072531,0,-0.16602,0
0.026965,0.067608,0,-0.17,0
0.078612,0.061653,0,-0.17232,0
0.13751,0.054781,0,-0.17284,0
0.20401,0.047173,0,-0.17147,0
0.27837,0.039079,0,-0.16818,0
0.36069,0.03082,0,-0.16306,0
0.45088,0.022774,0,-0.15626,0
0.54864,0.01536,0,-0.14804,0
0.65341,0.0090091,0,-0.13871,0
0.76434,0.0041265,0,-0.12861,0
0.88033,0.0010499,0,-0.11812,0
1,0,0,-0.10756,0
0,0,0,0,0
-0.012784,0.0010204,0,-0.014687,0
-0.024545,0.0010981,0,-0.0095875,0
-0.035462,0.0016636,0,-0.010001,0
-0.045691,0.0023049,0,-0.0091377,0
-0.055363,0.0031101,0,-0.008813,0
-0.06459,0.0040388,0,-0.0085398,0
-0.073468,0.0050897,0,-0.0084522,0
-0.082074,0.0062548,0,-0.008521,0
-0.090475,0.0075312,0,-0.0087642,0
-0.098722,0.0089171,0,-0.0091905,0
-0.10685,0.010413,0,-0.0098144,0
-0.1149,0.012019,0,-0.010652,0
-0.12287,0.013737,0,-0.011722,0
-0.13077,0.01557,0,-0.013045,0
-0.13859,0.017519,0,-0.014645,0
-0.14631,0.019585,0,-0.016546,0
-0.15389,0.021768,0,-0.018776,0
-0.16129,0.024068,0,-0.021363,0
-0.16844,0.026481,0,-0.024333,0
-0.17526,0.029,0,-0.027716,0
-0.18164,0.031617,0,-0.031538,0
-0.18747,0.034317,0,-0.035821,0
-0.19261,0.037083,0,-0.040585,0
-0.1969,0.039889,0,-0.045842,0
-0.20015,0.042706,0,-0.051596,0
-0.20216,0.045497,0,-0.057839,0
-0.20267,0.048215,0,-0.064551,0
-0.20144,0.050807,0,-0.071694,0
-0.19816,0.053211,0,-0.079212,0
-0.19251,0.055358,0,-0.087026,0
-0.18415,0.05717,0,-0.095034,0
-0.17267,0.058565,0,-0.10311,0
-0.15768,0.059455,0,-0.1111,0
-0.13874,0.059755,0,-0.11883,0
-0.11539,0.059381,0,-0.12609,0
-0.087145,0.058262,0,-0.1327,0
-0.053536,0.056341,0,-0.13841,0
-0.014078,0.053585,0,-0.14303,0
0.031695,0.049996,0,-0.14636,0
0.084212,0.045612,0,-0.14823,0
0.14385,0.040523,0,-0.14854,0
0.2109,0.034869,0,-0.14724,0
0.28555,0.028845,0,-0.14435,0
0.36785,0.0227,0,-0.13998,0
0.45767,0.016723,0,-0.13431,0
0.55468,0.011233,0,-0.12762,0
0.65833,0.0065537,0,-0.12021,0
0.76782,0.0029815,0,-0.11242,0
0.88213,0.00075207,0,-0.10457,0
1,0,0,-0.09695,0
0,0,0,0,0
-0.012952,0.00050913,0,-0.0072961,0
-0.024858,0.00055161,0,-0.0047586,0
-0.035902,0.00083811,0,-0.0049743,0
-0.046243,0.0011635,0,-0.0045681,0
-0.056017,0.0015717,0,-0.0044457,0
-0.065339,0.0020432,0,-0.0043689,0
-0.074306,0.0025782,0,-0.0044088,0
-0.082999,0.0031743,0,-0.0045564,0
-0.091486,0.0038315,0,-0.0048265,0
-0.099819,0.004551,0,-0.0052301,0
-0.10804,0.0053352,0,-0.0057821,0
-0.11617,0.0061872,0,-0.0064987,0
-0.12424,0.0071108,0,-0.0073984,0
-0.13223,0.0081099,0,-0.0085017,0
-0.14015,0.009189,0,-0.0098311,0
-0.14798,0.010352,0,-0.011411,0
-0.15567,0.011603,0,-0.013266,0
-0.16317,0.012944,0,-0.015424,0
-0.17042,0.014377,0,-0.017912,0
-0.17733,0.015901,0,-0.020756,0
-0.1838,0.017515,0,-0.023982,0
-0.18971,0.019213,0,-0.027612,0
-0.19491,0.020987,0,-0.031666,0
-0.19924,0.022823,0,-0.036156,0
-0.20251,0.024703,0,-0.041086,0
-0.20449,0.026606,0,-0.046452,0
-0.20495,0.028501,0,-0.052236,0
-0.2036,0.030353,0,-0.058404,0
-0.20016,0.03212,0,-0.064905,0
-0.19428,0.033751,0,-0.071668,0
-0.18561,0.035192,0,-0.078601,0
-0.17377,0.03638,0,-0.085587,0
-0.15833,0.037252,0,-0.092488,0
-0.13886,0.03774,0,-0.099147,0
-0.11491,0.037781,0,-0.10539,0
-0.086017,0.037316,0,-0.11102,0
-0.051711,0.036298,0,-0.11587,0
-0.011537,0.034697,0,-0.11974,0
0.034938,0.032506,0,-0.12248,0
0.088106,0.029749,0,-0.12397,0
0.1483,0.026483,0,-0.12412,0
0.21576,0.022806,0,-0.12294,0
0.29064,0.018855,0,-0.12048,0
0.37293,0.014805,0,-0.11688,0
0.46247,0.010862,0,-0.11235,0
0.55893,0.0072502,0,-0.10716,0
0.66177,0.0041914,0,-0.10162,0
0.77022,0.0018826,0,-0.096053,0
0.88335,0.00046669,0,-0.090743,0
1,0,0,-0.085937,0
0,0,0,0,0
-0.01301,-1.0083e-05,0,0.00020545,0
-0.024965,-3.7901e-06,0,0.00014209,0
-0.036052,-1.0089e-06,0,0.00012704,0
-0.046431,3.0741e-06,0,7.0116e-05,0
-0.05624,7.6625e-06,0,-1.1683e-05,0
-0.065595,1.4467e-05,0,-0.00013249,0
-0.074596,2.5432e-05,0,-0.00029978,0
-0.083324,4.3316e-05,0,-0.00052462,0
-0.091848,7.1495e-05,0,-0.00081884,0
-0.10022,0.000114,0,-0.0011959,0
-0.10848,0.00017546,0,-0.0016706,0
-0.11667,0.00026111,0,-0.0022596,0
-0.12478,0.00037672,0,-0.0029811,0
-0.13284,0.00052854,0,-0.0038549,0
-0.14082,0.00072321,0,-0.0049026,0
-0.14872,0.00096766,0,-0.0061474,0
-0.15648,0.0012689,0,-0.0076136,0
-0.16406,0.0016339,0,-0.0093267,0
-0.17139,0.0020693,0,-0.011313,0
-0.17839,0.002581,0,-0.013597,0
-0.18495,0.003174,0,-0.016204,0
-0.19094,0.0038516,0,-0.019157,0
-0.19622,0.0046154,0,-0.022473,0
-0.20062,0.0054643,0,-0.026167,0
-0.20394,0.0063942,0,-0.030245,0
-0.20596,0.0073972,0,-0.034704,0
-0.20643,0.0084611,0,-0.039528,0
-0.20507,0.0095688,0,-0.044691,0
-0.20158,0.010698,0,-0.050146,0
-0.19561,0.01182,0,-0.055832,0
-0.1868,0.012902,0,-0.061665,0
-0.17476,0.013905,0,-0.067544,0
-0.15907,0.014785,0,-0.073345,0
-0.1393,0.015497,0,-0.078928,0
-0.11499,0.015993,0,-0.08414,0
-0.085691,0.016228,0,-0.08882,0
-0.050941,0.016163,0,-0.092807,0
-0.0103,0.015766,0,-0.095951,0
0.036641,0.015023,0,-0.09813,0
0.090248,0.013934,0,-0.099254,0
0.15082,0.012526,0,-0.099285,0
0.21858,0.01085,0,-0.098249,0
0.29362,0.0089823,0,-0.096238,0
0.37592,0.0070263,0,-0.093415,0
0.46531,0.005104,0,-0.090009,0
0.56143,0.0033467,0,-0.086299,0
0.66376,0.0018812,0,-0.082591,0
0.77159,0.00080986,0,-0.079191,0
0.88401,0.00018841,0,-0.07636,0
1,0,0,-0.074297,0
0,0,0,0,0
-0.012957,-0.00053017,0,0.0077159,0
-0.024865,-0.00056054,0,0.0050479,0
-0.035909,-0.00084241,0,0.0052341,0
-0.046251,-0.0011607,0,0.0047145,0
-0.056027,-0.0015609,0,0.0044298,0
-0.065355,-0.0020202,0,0.0041134,0
-0.074333,-0.0025349,0,0.0038212,0
-0.083043,-0.0030971,0,0.0035223,0
-0.091554,-0.0037002,0,0.0032078,0
-0.09992,-0.0043374,0,0.002862,0
-0.10818,-0.005002,0,0.0024699,0
-0.11637,-0.0056866,0,0.0020148,0
-0.1245,-0.0063837,0,0.001479,0
-0.13257,-0.0070849,0,0.00084341,0
-0.14059,-0.0077814,0,8.7422e-05,0
-0.14852,-0.0084634,0,-0.00081077,0
-0.15633,-0.0091207,0,-0.0018742,0
-0.16396,-0.0097422,0,-0.0031268,0
-0.17136,-0.010316,0,-0.0045931,0
-0.17843,-0.010831,0,-0.0062975,0
-0.18507,-0.011273,0,-0.0082637,0
-0.19115,-0.011632,0,-0.010513,0
-0.19652,-0.011894,0,-0.013065,0
-0.20102,-0.01205,0,-0.015933,0
-0.20444,-0.012089,0,-0.019125,0
-0.20656,-0.012003,0,-0.022641,0
-0.20712,-0.011787,0,-0.026469,0
-0.20584,-0.011439,0,-0.030588,0
-0.20242,-0.010961,0,-0.034958,0
-0.1965,-0.010358,0,-0.039527,0
-0.18771,-0.0096403,0,-0.044222,0
-0.17567,-0.0088248,0,-0.048956,0
-0.15994,-0.0079318,0,-0.053622,0
-0.14009,-0.0069871,0,-0.058099,0
-0.11566,-0.0060203,0,-0.062255,0
-0.086206,-0.0050637,0,-0.065955,0
-0.051266,-0.0041505,0,-0.069066,0
-0.010409,-0.0033124,0,-0.07147,0
0.036764,-0.0025769,0,-0.073076,0
0.090604,-0.0019638,0,-0.07383,0
0.15139,-0.0014832,0,-0.07373,0
0.21933,-0.0011325,0,-0.072832,0
0.29449,-0.00089552,0,-0.071261,0
0.37684,-0.00074358,0,-0.069205,0
0.46619,-0.00063874,0,-0.06691,0
0.5622,-0.00054058,0,-0.064665,0
0.66433,-0.00041657,0,-0.062773,0
0.77193,-0.00025615,0,-0.061523,0
0.88414,-8.796e-05,0,-0.061151,0
1,0,0,-0.061813,0
0,0,0,0,0
-0.012793,-0.001044,0,0.015132,0
-0.024557,-0.001111,0,0.0098915,0
-0.035475,-0.0016745,0,0.010277,0
-0.045704,-0.0023118,0,0.009302,0
-0.055381,-0.0031126,0,0.008819,0
-0.06462,-0.0040332,0,0.0083118,0
-0.073519,-0.0050685,0,0.0078996,0
-0.082158,-0.0062052,0,0.0075312,0
-0.090607,-0.007434,0,0.0072011,0
-0.098918,-0.0087456,0,0.0068915,0
-0.10713,-0.010131,0,0.0065874,0
-0.11528,-0.011582,0,0.0062721,0
-0.12338,-0.013088,0,0.0059285,0
-0.13144,-0.014639,0,0.0055386,0
-0.13944,-0.016225,0,0.005083,0
-0.14737,-0.017834,0,0.0045416,0
-0.1552,-0.019451,0,0.0038928,0
-0.16286,-0.021063,0,0.0031145,0
-0.1703,-0.022652,0,0.0021839,0
-0.17743,-0.024201,0,0.0010781,0
-0.18414,-0.025689,0,-0.00022526,0
-0.19031,-0.027097,0,-0.0017471,0
-0.1958,-0.028402,0,-0.0035057,0
-0.20042,-0.02958,0,-0.0055157,0
-0.20398,-0.030609,0,-0.0077863,0
-0.20625,-0.031463,0,-0.01032,0
-0.20699,-0.032121,0,-0.013109,0
-0.20589,-0.032559,0,-0.016136,0
-0.20265,-0.032759,0,-0.019372,0
-0.19692,-0.032702,0,-0.022771,0
-0.18833,-0.032376,0,-0.026274,0
-0.17647,-0.031772,0,-0.029807,0
-0.16091,-0.030887,0,-0.033281,0
-0.14122,-0.029726,0,-0.036594,0
-0.11693,-0.028299,0,-0.039638,0
-0.087572,-0.026626,0,-0.042304,0
-0.052704,-0.024732,0,-0.044487,0
-0.011886,-0.02265,0,-0.046101,0
0.035281,-0.02042,0,-0.047089,0
0.089145,-0.018083,0,-0.047431,0
0.14998,-0.015687,0,-0.047159,0
0.21799,-0.013279,0,-0.046366,0
0.29323,-0.010906,0,-0.045205,0
0.37567,-0.0086147,0,-0.043892,0
0.46511,-0.006454,0,-0.042692,0
0.56121,-0.0044755,0,-0.041903,0
0.66347,-0.0027418,0,-0.041827,0
0.77124,-0.0013347,0,-0.042739,0
0.88371,-0.00036761,0,-0.044847,0
1,0,0,-0.048263,0
0,0,0,0,0
-0.01252,-0.0015444,0,0.022351,0
-0.024045,-0.0016475,0,0.014606,0
-0.034753,-0.0024858,0,0.015187,0
-0.044797,-0.0034342,0,0.01377,0
-0.054308,-0.0046259,0,0.013096,0
-0.063398,-0.0059967,0,0.012406,0
-0.072162,-0.0075403,0,0.01188,0
-0.080679,-0.0092387,0,0.011448,0
-0.089015,-0.01108,0,0.011108,0
-0.097225,-0.013052,0,0.01084,0
-0.10535,-0.015145,0,0.010629,0
-0.11341,-0.017348,0,0.010458,0
-0.12144,-0.019651,0,0.010312,0
-0.12944,-0.022041,0,0.010174,0
-0.13739,-0.024507,0,0.010026,0
-0.14529,-0.027033,0,0.009849,0
-0.15309,-0.029605,0,0.0096246,0
-0.16076,-0.032202,0,0.0093324,0
-0.16821,-0.034806,0,0.0089517,0
-0.17538,-0.037391,0,0.0084615,0
-0.18216,-0.039931,0,0.0078412,0
-0.18842,-0.042398,0,0.0070712,0
-0.19403,-0.044759,0,0.0061339,0
-0.1988,-0.046979,0,0.0050146,0
-0.20254,-0.049021,0,0.0037031,0
-0.20503,-0.050845,0,0.0021951,0
-0.206,-0.052409,0,0.00049375,0
-0.20519,-0.053671,0,-0.0013888,0
-0.20225,-0.05459,0,-0.0034296,0
-0.19686,-0.055124,0,-0.0055938,0
-0.18862,-0.055236,0,-0.0078343,0
-0.17714,-0.054891,0,-0.010091,0
-0.16197,-0.054061,0,-0.012292,0
-0.14267,-0.052727,0,-0.014359,0
-0.11876,-0.050881,0,-0.016206,0
-0.089774,-0.048523,0,-0.017749,0
-0.055247,-0.045672,0,-0.018917,0
-0.014733,-0.04236,0,-0.019655,0
0.03218,-0.038636,0,-0.01994,0
0.08585,-0.034566,0,-0.019789,0
0.14656,-0.030232,0,-0.019272,0
0.21452,-0.025732,0,-0.018517,0
0.2898,-0.021181,0,-0.017713,0
0.37236,-0.016702,0,-0.017103,0
0.46202,-0.012434,0,-0.016976,0
0.55844,-0.008525,0,-0.01764,0
0.66115,-0.0051363,0,-0.0194,0
0.7695,-0.0024462,0,-0.022516,0
0.88273,-0.00065597,0,-0.027169,0
1,0,0,-0.033424,0
0,0,0,0,0
-0.012142,-0.0020242,0,0.02927,0
-0.023336,-0.0021622,0,0.019125,0
-0.033754,-0.0032644,0,0.019894,0
-0.043541,-0.0045117,0,0.018056,0
-0.052823,-0.0060789,0,0.017201,0
-0.061705,-0.0078826,0,0.016339,0
-0.070279,-0.0099153,0,0.015709,0
-0.078622,-0.012155,0,0.015221,0
-0.086797,-0.014587,0,0.014877,0
-0.094857,-0.017198,0,0.014655,0
-0.10284,-0.019976,0,0.01454,0
-0.11078,-0.02291,0,0.014518,0
-0.11869,-0.025987,0,0.014574,0
-0.12658,-0.029196,0,0.014691,0
-0.13445,-0.032522,0,0.014854,0
-0.14228,-0.03595,0,0.015048,0
-0.15003,-0.03946,0,0.015255,0
-0.15766,-0.043032,0,0.015458,0
-0.1651,-0.046641,0,0.015639,0
-0.17229,-0.050258,0,0.015779,0
-0.17912,-0.053851,0,0.015859,0
-0.18547,-0.057382,0,0.015864,0
-0.1912,-0.060811,0,0.015775,0
-0.19614,-0.064091,0,0.015579,0
-0.20009,-0.067171,0,0.015265,0
-0.20284,-0.069996,0,0.014828,0
-0.20413,-0.072507,0,0.014267,0
-0.20368,-0.074641,0,0.01359,0
-0.20117,-0.076334,0,0.012812,0
-0.19625,-0.077521,0,0.01196,0
-0.18853,-0.078138,0,0.011069,0
-0.17761,-0.078123,0,0.010183,0
-0.16305,-0.077422,0,0.0093556,0
-0.14437,-0.075989,0,0.008646,0
-0.12111,-0.073792,0,0.0081138,0
-0.092769,-0.070813,0,0.0078137,0
-0.058865,-0.067058,0,0.0077873,0
-0.018931,-0.062555,0,0.0080535,0
0.027466,-0.05736,0,0.0085982,0
0.080708,-0.051559,0,0.0093635,0
0.14111,-0.045271,0,0.010239,0
0.20888,-0.038646,0,0.011056,0
0.28414,-0.031862,0,0.011586,0
0.36685,-0.02513,0,0.011553,0
0.45686,-0.018679,0,0.010639,0
0.55383,-0.012762,0,0.0085192,0
0.65731,-0.0076457,0,0.0048859,0
0.76667,-0.0036126,0,-0.00050836,0
0.88117,-0.00095903,0,-0.0078168,0
1,0,0,-0.017051,0
0,0,0,0,0
-0.011662,-0.0024766,0,0.035792,0
-0.02244,-0.0026477,0,0.023385,0
-0.032491,-0.0039987,0,0.024333,0
-0.041954,-0.0055282,0,0.0221,0
-0.050944,-0.0074499,0,0.021078,0
-0.059562,-0.0096627,0,0.020058,0
-0.067894,-0.012159,0,0.019332,0
-0.076012,-0.014911,0,0.018796,0
-0.083978,-0.017905,0,0.018454,0
-0.091842,-0.021124,0,0.018282,0
-0.099642,-0.024557,0,0.018268,0
-0.10741,-0.02819,0,0.018397,0
-0.11516,-0.032012,0,0.018655,0
-0.12291,-0.036009,0,0.01903,0
-0.13064,-0.040167,0,0.019507,0
-0.13835,-0.044469,0,0.020074,0
-0.14601,-0.048894,0,0.020716,0
-0.15357,-0.05342,0,0.021419,0
-0.16098,-0.058017,0,0.022169,0
-0.16816,-0.062654,0,0.02295,0
-0.17502,-0.067292,0,0.023747,0
-0.18145,-0.071888,0,0.024545,0
-0.1873,-0.076392,0,0.025329,0
-0.19241,-0.080747,0,0.026087,0
-0.1966,-0.08489,0,0.02681,0
-0.19966,-0.088751,0,0.027489,0
-0.20132,-0.092254,0,0.028125,0
-0.20132,-0.095316,0,0.028719,0
-0.19933,-0.097851,0,0.029282,0
-0.19501,-0.099769,0,0.02983,0
-0.18797,-0.10098,0,0.030387,0
-0.17781,-0.10139,0,0.030985,0
-0.16406,-0.10092,0,0.031657,0
-0.14625,-0.09949,0,0.032442,0
-0.1239,-0.097044,0,0.033373,0
-0.096482,-0.093541,0,0.034476,0
-0.063493,-0.088967,0,0.035758,0
-0.024435,-0.083342,0,0.037201,0
0.021162,-0.076724,0,0.038748,0
0.07372,-0.069216,0,0.040298,0
0.13359,-0.060969,0,0.041692,0
0.20103,-0.052182,0,0.042715,0
0.27618,-0.043106,0,0.043092,0
0.35906,-0.034034,0,0.0425,0
0.44953,-0.0253,0,0.040591,0
0.54728,-0.017267,0,0.037013,0
0.65187,-0.010322,0,0.03145,0
0.76268,-0.0048594,0,0.023667,0
0.879,-0.0012836,0,0.01354,0
1,0,0,0.0011185,0
0,0,0,0,0
-0.011089,-0.0028947,0,0.04182,0
-0.021367,-0.0030964,0,0.027325,0
-0.030981,-0.0046774,0,0.028441,0
-0.040055,-0.0064676,0,0.025845,0
-0.048696,-0.0087174,0,0.024672,0
-0.056997,-0.011309,0,0.023508,0
-0.065036,-0.014235,0,0.022699,0
-0.072882,-0.017465,0,0.022124,0
-0.080593,-0.020983,0,0.021789,0
-0.088214,-0.024772,0,0.021672,0
-0.095785,-0.028819,0,0.02176,0
-0.10334,-0.033112,0,0.02204,0
-0.11088,-0.037638,0,0.0225,0
-0.11844,-0.042384,0,0.02313,0
-0.126,-0.047336,0,0.023919,0
-0.13355,-0.052475,0,0.024858,0
-0.14108,-0.057781,0,0.025935,0
-0.14853,-0.063229,0,0.027141,0
-0.15587,-0.068788,0,0.028463,0
-0.16301,-0.074423,0,0.029892,0
-0.16987,-0.080092,0,0.031415,0
-0.17635,-0.085745,0,0.033021,0
-0.18232,-0.091324,0,0.0347,0
-0.18761,-0.096765,0,0.03644,0
-0.19205,-0.10199,0,0.038235,0
-0.19544,-0.10693,0,0.040078,0
-0.19752,-0.11147,0,0.041966,0
-0.19803,-0.11552,0,0.0439,0
-0.19666,-0.11898,0,0.045885,0
-0.19305,-0.12172,0,0.04793,0
-0.18684,-0.12363,0,0.05005,0
-0.1776,-0.12458,0,0.052261,0
-0.16488,-0.12447,0,0.054581,0
-0.14819,-0.12318,0,0.057026,0
-0.127,-0.12062,0,0.059603,0
-0.1008,-0.11673,0,0.062307,0
-0.069038,-0.11146,0,0.06511,0
-0.031169,-0.10482,0,0.067952,0
0.01332,-0.096859,0,0.07073,0
0.064904,-0.087691,0,0.073291,0
0.12399,-0.077495,0,0.075421,0
0.19091,-0.066518,0,0.076847,0
0.26585,-0.055081,0,0.077235,0
0.34889,-0.043567,0,0.076209,0
0.43992,-0.032423,0,0.073371,0
0.53868,-0.022136,0,0.068335,0
0.64472,-0.013224,0,0.06077,0
0.75746,-0.0062159,0,0.050447,0
0.87616,-0.0016376,0,0.03728,0
1,0,0,0.021386,0
0,0,0,0,0
-0.010429,-0.0032723,0,0.047268,0
-0.020135,-0.0035012,0,0.030888,0
-0.029246,-0.0052893,0,0.032158,0
-0.037873,-0.0073145,0,0.029238,0
-0.046112,-0.0098603,0,0.027932,0
-0.054045,-0.012795,0,0.026643,0
-0.061745,-0.016111,0,0.025762,0
-0.069273,-0.019776,0,0.025155,0
-0.076683,-0.023772,0,0.024834,0
-0.084018,-0.028083,0,0.024773,0
-0.091315,-0.032696,0,0.024963,0
-0.098603,-0.037599,0,0.025392,0
-0.1059,-0.04278,0,0.02605,0
-0.11322,-0.048226,0,0.026931,0
-0.12056,-0.053922,0,0.028027,0
-0.12792,-0.059852,0,0.029332,0
-0.13526,-0.065994,0,0.030839,0
-0.14257,-0.072322,0,0.032543,0
-0.14979,-0.078806,0,0.034437,0
-0.15685,-0.085407,0,0.036514,0
-0.16369,-0.09208,0,0.038769,0
-0.1702,-0.098772,0,0.041193,0
-0.17625,-0.10542,0,0.043781,0
-0.18171,-0.11195,0,0.046528,0
-0.18641,-0.11828,0,0.049427,0
-0.19014,-0.12431,0,0.052475,0
-0.19267,-0.12994,0,0.055671,0
-0.19375,-0.13505,0,0.059014,0
-0.19306,-0.13951,0,0.062506,0
-0.19028,-0.14318,0,0.066152,0
-0.18502,-0.14591,0,0.069958,0
-0.17687,-0.14755,0,0.073928,0
-0.16537,-0.14795,0,0.078064,0
-0.15001,-0.14697,0,0.082361,0
-0.13027,-0.14448,0,0.086801,0
-0.10558,-0.14037,0,0.091347,0
-0.07536,-0.13458,0,0.095933,0
-0.039019,-0.12707,0,0.10045,0
0.0040205,-0.11788,0,0.10475,0
0.054305,-0.10714,0,0.10862,0
0.11232,-0.095029,0,0.11177,0
0.17848,-0.081846,0,0.11387,0
0.25306,-0.067978,0,0.11449,0
0.3362,-0.053907,0,0.11321,0
0.42787,-0.040197,0,0.10954,0
0.52785,-0.027479,0,0.10306,0
0.63572,-0.016425,0,0.0934,0
0.75088,-0.0077181,0,0.080346,0
0.87259,-0.002031,0,0.063845,0
1,0,0,0.044099,0
0,0,0,0,0
-0.0096937,-0.0036034,0,0.052053,0
-0.01876,-0.0038554,0,0.034024,0
-0.027311,-0.0058239,0,0.035433,0
-0.035439,-0.0080538,0,0.032232,0
-0.043228,-0.010858,0,0.030812,0
-0.050749,-0.014094,0,0.029416,0
-0.058065,-0.017753,0,0.028477,0
-0.065233,-0.021803,0,0.027848,0
-0.072299,-0.026225,0,0.027543,0
-0.079305,-0.031003,0,0.02754,0
-0.086285,-0.036124,0,0.027829,0
-0.093267,-0.041578,0,0.028401,0
-0.10027,-0.047354,0,0.029251,0
-0.10731,-0.053439,0,0.030374,0
-0.11439,-0.059821,0,0.031767,0
-0.12149,-0.066483,0,0.033427,0
-0.12862,-0.073404,0,0.035354,0
-0.13573,-0.080559,0,0.037547,0
-0.14278,-0.087918,0,0.040004,0
-0.14973,-0.09544,0,0.042724,0
-0.1565,-0.10308,0,0.045707,0
-0.163,-0.11078,0,0.048953,0
-0.16912,-0.11848,0,0.05246,0
-0.17472,-0.12609,0,0.056227,0
-0.17965,-0.13353,0,0.060256,0
-0.18372,-0.14069,0,0.064547,0
-0.18672,-0.14745,0,0.069101,0
-0.18839,-0.15368,0,0.073919,0
-0.18845,-0.15923,0,0.079004,0
-0.18657,-0.16393,0,0.084358,0
-0.18237,-0.16762,0,0.089979,0
-0.17545,-0.1701,0,0.095866,0
-0.16535,-0.1712,0,0.102,0
-0.15155,-0.17074,0,0.10837,0
-0.1335,-0.16852,0,0.11493,0
-0.11062,-0.16442,0,0.1216,0
-0.082276,-0.15831,0,0.12828,0
-0.047823,-0.15013,0,0.13483,0
-0.0066085,-0.1399,0,0.14101,0
0.042003,-0.12771,0,0.14656,0
0.098603,-0.11376,0,0.15111,0
0.1637,-0.098374,0,0.15423,0
0.23771,-0.082013,0,0.1554,0
0.32085,-0.065255,0,0.1541,0
0.4132,-0.048797,0,0.14975,0
0.5146,-0.033433,0,0.14186,0
0.62466,-0.020013,0,0.13001,0
0.74279,-0.0094103,0,0.11398,0
0.8682,-0.0024759,0,0.093765,0
1,0,0,0.06967,0
0,0,0,0,0
-0.0088932,-0.0038828,0,0.056105,0
-0.017265,-0.0041525,0,0.036686,0
-0.025205,-0.0062712,0,0.038219,0
-0.03279,-0.0086717,0,0.034785,0
-0.040086,-0.011693,0,0.033273,0
-0.047154,-0.015181,0,0.03179,0
-0.054048,-0.019131,0,0.030804,0
-0.060816,-0.023508,0,0.03016,0
-0.067499,-0.028295,0,0.029876,0
-0.074136,-0.033476,0,0.029928,0
-0.080758,-0.039041,0,0.030311,0
-0.087392,-0.044978,0,0.031019,0
-0.094059,-0.05128,0,0.032049,0
-0.10077,-0.057935,0,0.033401,0
-0.10754,-0.064931,0,0.035075,0
-0.11435,-0.072255,0,0.037076,0
-0.1212,-0.079886,0,0.039406,0
-0.12807,-0.087801,0,0.04207,0
-0.13491,-0.09597,0,0.045075,0
-0.14169,-0.10435,0,0.048425,0
-0.14835,-0.11291,0,0.052126,0
-0.15479,-0.12158,0,0.056186,0
-0.16093,-0.13029,0,0.060611,0
-0.16663,-0.13896,0,0.065407,0
-0.17177,-0.1475,0,0.070582,0
-0.17617,-0.1558,0,0.076143,0
-0.17962,-0.16372,0,0.082097,0
-0.18189,-0.17112,0,0.088451,0
-0.18272,-0.17784,0,0.095209,0
-0.18179,-0.1837,0,0.10237,0
-0.17874,-0.18848,0,0.10995,0
-0.17316,-0.19199,0,0.11791,0
-0.1646,-0.19399,0,0.12626,0
-0.15256,-0.19426,0,0.13494,0
-0.13645,-0.19259,0,0.14389,0
-0.11567,-0.18876,0,0.15302,0
-0.089546,-0.18261,0,0.16217,0
-0.057362,-0.17403,0,0.17115,0
-0.018385,-0.16298,0,0.17967,0
0.028127,-0.14952,0,0.18738,0
0.082893,-0.13386,0,0.19381,0
0.14657,-0.11632,0,0.19841,0
0.2197,-0.097427,0,0.20056,0
0.30268,-0.077849,0,0.19958,0
0.39569,-0.058435,0,0.19478,0
0.49868,-0.040161,0,0.18555,0
0.61131,-0.024098,0,0.17141,0
0.73299,-0.011349,0,0.15211,0
0.86288,-0.002988,0,0.12769,0
1,0,0,0.098601,0
0,0,0,0,0
-0.0080407,-0.0041058,0,0.059362,0
-0.015673,-0.0043871,0,0.038839,0
-0.022962,-0.0066224,0,0.040477,0
-0.029966,-0.0091551,0,0.036862,0
-0.036734,-0.012346,0,0.03528,0
-0.043316,-0.016034,0,0.033731,0
-0.049752,-0.020216,0,0.032712,0
-0.056085,-0.024857,0,0.032059,0
-0.062349,-0.029941,0,0.031795,0
-0.06858,-0.035455,0,0.0319,0
-0.074805,-0.041388,0,0.032369,0
-0.081051,-0.047732,0,0.0332,0
-0.087338,-0.05448,0,0.034394,0
-0.093681,-0.061624,0,0.035956,0
-0.10009,-0.069154,0,0.037892,0
-0.10656,-0.077056,0,0.04021,0
-0.11309,-0.085316,0,0.04292,0
-0.11966,-0.09391,0,0.046032,0
-0.12624,-0.10281,0,0.049561,0
-0.1328,-0.11198,0,0.053517,0
-0.13928,-0.12138,0,0.057917,0
-0.14562,-0.13095,0,0.062775,0
-0.15172,-0.14062,0,0.068106,0
-0.15748,-0.15032,0,0.073926,0
-0.16278,-0.15994,0,0.080251,0
-0.16746,-0.16936,0,0.087098,0
-0.17133,-0.17847,0,0.094483,0
-0.17419,-0.18709,0,0.10242,0
-0.17578,-0.19505,0,0.11092,0
-0.17582,-0.20215,0,0.12,0
-0.17395,-0.20818,0,0.12965,0
-0.1698,-0.21288,0,0.13986,0
-0.16291,-0.21601,0,0.15062,0
-0.15279,-0.21728,0,0.16187,0
-0.13884,-0.21643,0,0.17353,0
-0.12044,-0.2132,0,0.18548,0
-0.096865,-0.20734,0,0.19754,0
-0.067347,-0.19869,0,0.20945,0
-0.031055,-0.18714,0,0.22086,0
0.012875,-0.1727,0,0.23131,0
0.065312,-0.15551,0,0.24024,0
0.12709,-0.13593,0,0.24695,0
0.19896,-0.11449,0,0.25064,0
0.28149,-0.091968,0,0.25047,0
0.37508,-0.069366,0,0.24556,0
0.47978,-0.047873,0,0.23514,0
0.59537,-0.028823,0,0.21861,0
0.72123,-0.013607,0,0.19568,0
0.85649,-0.003588,0,0.16644,0
1,0,0,0.13151,0
0,0,0,0,0
-0.0071504,-0.0042688,0,0.061779,0
-0.01401,-0.0045544,0,0.040453,0
-0.020619,-0.0068694,0,0.042179,0
-0.027013,-0.0094928,0,0.038438,0
-0.033226,-0.012801,0,0.03681,0
-0.039291,-0.016632,0,0.035215,0
-0.045241,-0.020981,0,0.034173,0
-0.051108,-0.025817,0,0.033517,0
-0.056922,-0.031125,0,0.033272,0
-0.062713,-0.036894,0,0.033421,0
-0.068506,-0.043114,0,0.033964,0
-0.074326,-0.04978,0,0.034902,0
-0.080194,-0.056886,0,0.036241,0
-0.086125,-0.064428,0,0.037989,0
-0.092129,-0.072397,0,0.04016,0
-0.098212,-0.080784,0,0.042766,0
-0.10437,-0.089575,0,0.045825,0
-0.11059,-0.098752,0,0.049353,0
-0.11686,-0.10829,0,0.053373,0
-0.12314,-0.11816,0,0.057904,0
-0.12939,-0.12831,0,0.062971,0
-0.13555,-0.1387,0,0.068597,0
-0.14155,-0.14926,0,0.074809,0
-0.1473,-0.15991,0,0.081633,0
-0.1527,-0.17056,0,0.089098,0
-0.1576,-0.18109,0,0.097231,0
-0.16184,-0.19136,0,0.10606,0
-0.16524,-0.20122,0,0.11561,0
-0.16756,-0.21048,0,0.12592,0
-0.16854,-0.21892,0,0.13698,0
-0.16787,-0.22632,0,0.14883,0
-0.16518,-0.23239,0,0.16145,0
-0.16003,-0.23686,0,0.17483,0
-0.15194,-0.23941,0,0.18892,0
-0.14034,-0.23971,0,0.20363,0
-0.12456,-0.23744,0,0.21881,0
-0.10386,-0.23228,0,0.23426,0
-0.077408,-0.22397,0,0.24967,0
-0.044276,-0.21233,0,0.26462,0
-0.003468,-0.19726,0,0.27855,0
0.046063,-0.17886,0,0.29076,0
0.10537,-0.15742,0,0.30038,0
0.17544,-0.13349,0,0.30641,0
0.25713,-0.10794,0,0.30773,0
0.35107,-0.081904,0,0.30323,0
0.45754,-0.056831,0,0.29188,0
0.57644,-0.03437,0,0.2729,0
0.70719,-0.016283,0,0.24592,0
0.84882,-0.0043035,0,0.21107,0
1,0,0,0.1692,0
0,0,0,0,0
-0.0062377,-0.0043689,0,0.063324,0
-0.012305,-0.0046504,0,0.041512,0
-0.018214,-0.0070059,0,0.043308,0
-0.023979,-0.0096751,0,0.039497,0
-0.029616,-0.013047,0,0.037845,0
-0.035144,-0.016957,0,0.036224,0
-0.040585,-0.021406,0,0.035169,0
-0.045961,-0.026362,0,0.034511,0
-0.051297,-0.031815,0,0.034281,0
-0.056618,-0.037753,0,0.034464,0
-0.061948,-0.044172,0,0.035065,0
-0.067309,-0.051066,0,0.036089,0
-0.072721,-0.058434,0,0.037547,0
-0.078201,-0.066273,0,0.039453,0
-0.083762,-0.074577,0,0.041826,0
-0.089411,-0.083341,0,0.044685,0
-0.095149,-0.092554,0,0.048053,0
-0.10097,-0.1022,0,0.051957,0
-0.10686,-0.11227,0,0.056425,0
-0.1128,-0.12272,0,0.061487,0
-0.11875,-0.13352,0,0.067177,0
-0.12468,-0.14462,0,0.073529,0
-0.13051,-0.15597,0,0.080582,0
-0.13617,-0.16749,0,0.088375,0
-0.14158,-0.17909,0,0.09695,0
-0.14662,-0.19066,0,0.10635,0
-0.15115,-0.20206,0,0.11662,0
-0.15501,-0.21314,0,0.1278,0
-0.15799,-0.22371,0,0.13993,0
-0.15987,-0.23356,0,0.15305,0
-0.16034,-0.24243,0,0.16719,0
-0.15909,-0.25004,0,0.18236,0
-0.15571,-0.25607,0,0.19856,0
-0.14973,-0.26016,0,0.21575,0
-0.14058,-0.26196,0,0.23384,0
-0.12762,-0.26105,0,0.2527,0
-0.11009,-0.25705,0,0.27208,0
-0.087081,-0.24959,0,0.29164,0
-0.057597,-0.23836,0,0.31091,0
-0.020497,-0.22316,0,0.32921,0
0.025459,-0.20398,0,0.34569,0
0.081577,-0.181,0,0.35928,0
0.14916,-0.15476,0,0.36869,0
0.22942,-0.12613,0,0.37248,0
0.32334,-0.096435,0,0.36916,0
0.43151,-0.067372,0,0.35735,0
0.55404,-0.040985,0,0.33595,0
0.69044,-0.019507,0,0.30443,0
0.83962,-0.0051726,0,0.26295,0
1,0,0,0.21266,0
0,0,0,0,0
-0.0053193,-0.0044045,0,0.063982,0
-0.010588,-0.0046725,0,0.042009,0
-0.01579,-0.007027,0,0.043856,0
-0.020917,-0.0096946,0,0.040033,0
-0.025967,-0.013072,0,0.03838,0
-0.030943,-0.016997,0,0.036751,0
-0.035856,-0.021472,0,0.03569,0
-0.040722,-0.026471,0,0.035031,0
-0.045558,-0.031984,0,0.034807,0
-0.050385,-0.038003,0,0.03501,0
-0.055225,-0.044525,0,0.035647,0
-0.060097,-0.051548,0,0.036731,0
-0.065022,-0.059072,0,0.038278,0
-0.070018,-0.067098,0,0.040307,0
-0.075098,-0.075622,0,0.042842,0
-0.080271,-0.084643,0,0.04591,0
-0.085544,-0.094155,0,0.049542,0
-0.090916,-0.10415,0,0.053771,0
-0.096378,-0.1146,0,0.058635,0
-0.10192,-0.12551,0,0.064173,0
-0.10751,-0.13682,0,0.070429,0
-0.11312,-0.14851,0,0.077451,0
-0.1187,-0.16052,0,0.085288,0
-0.12419,-0.17279,0,0.093995,0
-0.12952,-0.18523,0,0.10363,0
-0.13461,-0.19774,0,0.11425,0
-0.13932,-0.21019,0,0.12592,0
-0.14353,-0.22245,0,0.13871,0
-0.14707,-0.23431,0,0.15268,0
-0.14973,-0.24557,0,0.16788,0
-0.15126,-0.25598,0,0.18438,0
-0.15138,-0.26524,0,0.20222,0
-0.14971,-0.27301,0,0.22141,0
-0.14582,-0.27893,0,0.24194,0
-0.13919,-0.28255,0,0.26376,0
-0.12918,-0.28344,0,0.28672,0
-0.11503,-0.2811,0,0.31061,0
-0.095806,-0.27506,0,0.33505,0
-0.07044,-0.26489,0,0.35952,0
-0.037662,-0.25021,0,0.38326,0
0.0039717,-0.23084,0,0.40525,0
0.056056,-0.20683,0,0.42417,0
0.12027,-0.17859,0,0.43839,0
0.19829,-0.14698,0,0.44603,0
0.29156,-0.11343,0,0.44507,0
0.40118,-0.079934,0,0.43356,0
0.52758,-0.048994,0,0.40993,0
0.67044,-0.023461,0,0.37335,0
0.82856,-0.0062491,0,0.32394,0
1,0,0,0.26328,0
0,0,0,0,0
-0.0044126,-0.0043755,0,0.063759,0
-0.0088912,-0.0046192,0,0.04195,0
-0.013392,-0.0069298,0,0.043832,0
-0.017881,-0.0095467,0,0.040052,0
-0.022339,-0.01287,0,0.038419,0
-0.026757,-0.016741,0,0.036798,0
-0.031133,-0.021169,0,0.035735,0
-0.035474,-0.026128,0,0.035069,0
-0.039794,-0.031614,0,0.03484,0
-0.044109,-0.03762,0,0.035043,0
-0.048437,-0.044146,0,0.035693,0
-0.052797,-0.051192,0,0.036806,0
-0.05721,-0.05876,0,0.038405,0
-0.061691,-0.066854,0,0.040515,0
-0.066258,-0.075474,0,0.043167,0
-0.070921,-0.084621,0,0.046394,0
-0.075688,-0.094293,0,0.050234,0
-0.080564,-0.10449,0,0.05473,0
-0.085546,-0.11519,0,0.059926,0
-0.090626,-0.12639,0,0.065873,0
-0.095788,-0.13806,0,0.072626,0
-0.10101,-0.15017,0,0.080243,0
-0.10626,-0.16269,0,0.08879,0
-0.11149,-0.17555,0,0.098337,0
-0.11664,-0.18868,0,0.10896,0
-0.12165,-0.20199,0,0.12073,0
-0.12643,-0.21538,0,0.13375,0
-0.13086,-0.2287,0,0.14809,0
-0.13481,-0.24178,0,0.16386,0
-0.13811,-0.25441,0,0.18114,0
-0.14056,-0.26636,0,0.20002,0
-0.1419,-0.27734,0,0.22058,0
-0.14183,-0.28699,0,0.24289,0
-0.13995,-0.29494,0,0.26697,0
-0.13579,-0.30071,0,0.2928,0
-0.12875,-0.30381,0,0.32031,0
-0.1181,-0.30367,0,0.34928,0
-0.10292,-0.29971,0,0.37938,0
-0.082092,-0.29132,0,0.41006,0
-0.054238,-0.27797,0,0.44048,0
-0.017727,-0.25923,0,0.46947,0
0.02934,-0.23492,0,0.49547,0
0.089085,-0.20524,0,0.51641,0
0.16374,-0.17094,0,0.52986,0
0.25544,-0.13347,0,0.53302,0
0.36595,-0.095082,0,0.52313,0
0.4963,-0.058846,0,0.4978,0
0.64647,-0.028404,0,0.45561,0
0.81517,-0.0076106,0,0.39662,0
1,0,0,0.3228,0
0,0,0,0,0
-0.0035357,-0.0042829,0,0.062681,0
-0.0072481,-0.0044907,0,0.041356,0
-0.011063,-0.0067136,0,0.043256,0
-0.014926,-0.0092297,0,0.039575,0
-0.018799,-0.012437,0,0.037979,0
-0.022658,-0.016187,0,0.036378,0
-0.026493,-0.02049,0,0.035313,0
-0.030303,-0.025328,0,0.034632,0
-0.034097,-0.030697,0,0.03438,0
-0.037887,-0.036593,0,0.034559,0
-0.041689,-0.043019,0,0.03519,0
-0.045521,-0.049978,0,0.036296,0
-0.049402,-0.057472,0,0.037905,0
-0.053348,-0.065508,0,0.04005,0
-0.057376,-0.074089,0,0.042766,0
-0.0615,-0.08322,0,0.046095,0
-0.065729,-0.092903,0,0.050082,0
-0.07007,-0.10314,0,0.054775,0
-0.074527,-0.11392,0,0.060231,0
-0.079096,-0.12524,0,0.066509,0
-0.083769,-0.13709,0,0.073674,0
-0.088533,-0.14945,0,0.081799,0
-0.093366,-0.16228,0,0.090963,0
-0.098237,-0.17553,0,0.10125,0
-0.10311,-0.18917,0,0.11276,0
-0.10793,-0.2031,0,0.12559,0
-0.11263,-0.21723,0,0.13985,0
-0.11712,-0.23145,0,0.15566,0
-0.12132,-0.2456,0,0.17315,0
-0.12508,-0.2595,0,0.19244,0
-0.12825,-0.27292,0,0.21367,0
-0.13062,-0.28559,0,0.23696,0
-0.13194,-0.29718,0,0.26244,0
-0.13188,-0.30729,0,0.29021,0
-0.13004,-0.31546,0,0.32031,0
-0.12588,-0.32115,0,0.35272,0
-0.11872,-0.32373,0,0.38734,0
-0.10771,-0.32252,0,0.42388,0
-0.091707,-0.31676,0,0.46181,0
-0.069304,-0.3057,0,0.50032,0
-0.038713,-0.28864,0,0.53812,0
0.0022554,-0.26507,0,0.57338,0
0.056195,-0.23486,0,0.60361,0
0.12602,-0.19846,0,0.62561,0
0.21477,-0.1572,0,0.63558,0
0.3252,-0.11356,0,0.62946,0
0.45927,-0.071164,0,0.60353,0
0.61756,-0.03471,0,0.55538,0
0.79882,-0.0093745,0,0.48448,0
1,0,0,0.39405,0
0,0,0,0,0
-0.0027072,-0.0041295,0,0.060798,0
-0.0056919,-0.0042888,0,0.040263,0
-0.0088519,-0.0063803,0,0.042165,0
-0.01211,-0.0087454,0,0.038633,0
-0.01541,-0.011777,0,0.037088,0
-0.018719,-0.015336,0,0.035514,0
-0.022016,-0.019439,0,0.034441,0
-0.025295,-0.024072,0,0.033731,0
-0.02856,-0.029234,0,0.033433,0
-0.031821,-0.034924,0,0.033558,0
-0.03509,-0.041145,0,0.034135,0
-0.038385,-0.047901,0,0.035192,0
-0.041724,-0.055199,0,0.036764,0
-0.045122,-0.063045,0,0.038891,0
-0.048596,-0.071446,0,0.041613,0
-0.05216,-0.080408,0,0.04498,0
-0.055827,-0.089939,0,0.049043,0
-0.059604,-0.10004,0,0.053859,0
-0.063499,-0.11072,0,0.059491,0
-0.067513,-0.12198,0,0.066009,0
-0.071645,-0.1338,0,0.07349,0
-0.075888,-0.14618,0,0.082018,0
-0.08023,-0.1591,0,0.091687,0
-0.084653,-0.17253,0,0.1026,0
-0.089132,-0.18642,0,0.11487,0
-0.093633,-0.20073,0,0.12863,0
-0.098112,-0.21538,0,0.144,0
-0.10251,-0.23026,0,0.16114,0
-0.10676,-0.24526,0,0.18022,0
-0.11077,-0.26022,0,0.2014,0
-0.11442,-0.27495,0,0.22487,0
-0.11756,-0.28919,0,0.25083,0
-0.11999,-0.30265,0,0.27946,0
-0.12148,-0.31495,0,0.31094,0
-0.12167,-0.32565,0,0.34544,0
-0.12014,-0.33419,0,0.38304,0
-0.11631,-0.33994,0,0.42376,0
-0.10939,-0.34212,0,0.46745,0
-0.098335,-0.33985,0,0.51372,0
-0.081746,-0.33217,0,0.56182,0
-0.057772,-0.31808,0,0.61047,0
-0.024002,-0.29666,0,0.65768,0
0.022612,-0.26726,0,0.70052,0
0.085756,-0.22985,0,0.73492,0
0.16959,-0.18539,0,0.75574,0
0.2783,-0.1363,0,0.75697,0
0.41534,-0.086826,0,0.73273,0
0.58243,-0.042942,0,0.6785,0
0.77862,-0.01172,0,0.59333,0
1,0,0,0.4798,0
0,0,0,0,0
-0.0019455,-0.0039199,0,0.058185,0
-0.0042562,-0.0040173,0,0.038721,0
-0.0068024,-0.005935,0,0.040613,0
-0.0094862,-0.0081001,0,0.037274,0
-0.012238,-0.010896,0,0.035788,0
-0.015011,-0.014198,0,0.034242,0
-0.017781,-0.018028,0,0.033149,0
-0.020537,-0.022375,0,0.032387,0
-0.023278,-0.02724,0,0.032015,0
-0.026011,-0.032626,0,0.03205,0
-0.02875,-0.038536,0,0.032531,0
-0.031509,-0.044975,0,0.033492,0
-0.034304,-0.051951,0,0.034975,0
-0.037151,-0.059471,0,0.037025,0
-0.040066,-0.067543,0,0.03969,0
-0.043063,-0.076178,0,0.043025,0
-0.046155,-0.085386,0,0.047087,0
-0.049351,-0.095174,0,0.051941,0
-0.05266,-0.10555,0,0.057659,0
-0.056088,-0.11653,0,0.064317,0
-0.059638,-0.1281,0,0.072004,0
-0.063308,-0.14026,0,0.080817,0
-0.067094,-0.15302,0,0.090862,0
-0.070989,-0.16635,0,0.10226,0
-0.074978,-0.18023,0,0.11514,0
-0.079044,-0.19462,0,0.12966,0
-0.08316,-0.20948,0,0.14598,0
-0.087294,-0.22472,0,0.16428,0
-0.0914,-0.24027,0,0.18476,0
-0.095422,-0.25599,0,0.20764,0
-0.099284,-0.27173,0,0.23318,0
-0.10289,-0.28728,0,0.26163,0
-0.1061,-0.3024,0,0.29326,0
-0.10874,-0.31675,0,0.32838,0
-0.11058,-0.32994,0,0.36726,0
-0.11129,-0.34144,0,0.41016,0
-0.11039,-0.35062,0,0.45728,0
-0.10727,-0.35671,0,0.50869,0
-0.10099,-0.35873,0,0.56424,0
-0.090303,-0.35557,0,0.62342,0
-0.073399,-0.34592,0,0.68514,0
-0.04779,-0.3284,0,0.74743,0
-0.010087,-0.30175,0,0.80708,0
0.044151,-0.26513,0,0.85918,0
0.1204,-0.21872,0,0.89686,0
0.22481,-0.16451,0,0.91141,0
0.36317,-0.10708,0,0.89313,0
0.53932,-0.053959,0,0.83433,0
0.75323,-0.014946,0,0.72984,0
1,0,0,0.58848,0
0,0,0,0,0
-0.0012685,-0.0036606,0,0.054941,0
-0.0029732,-0.0036824,0,0.0368,0
-0.004959,-0.0053859,0,0.038672,0
-0.0071093,-0.0073044,0,0.03556,0
-0.009342,-0.0098094,0,0.034136,0
-0.011604,-0.012792,0,0.032609,0
-0.013864,-0.016278,0,0.031474,0
-0.01611,-0.020262,0,0.030631,0
-0.01834,-0.024746,0,0.030146,0
-0.02056,-0.029733,0,0.03005,0
-0.02278,-0.035227,0,0.030386,0
-0.025013,-0.041234,0,0.031199,0
-0.027276,-0.04776,0,0.032535,0
-0.029581,-0.054814,0,0.034446,0
-0.031944,-0.062406,0,0.036986,0
-0.034379,-0.070548,0,0.040214,0
-0.036896,-0.079251,0,0.044194,0
-0.039508,-0.088529,0,0.048997,0
-0.042223,-0.098394,0,0.0547,0
-0.045049,-0.10886,0,0.06139,0
-0.047991,-0.11993,0,0.069164,0
-0.051052,-0.13162,0,0.078129,0
-0.054235,-0.14393,0,0.088405,0
-0.057537,-0.15686,0,0.10013,0
-0.060956,-0.1704,0,0.11345,0
-0.064483,-0.18454,0,0.12854,0
-0.068109,-0.19924,0,0.14559,0
-0.071817,-0.21446,0,0.16482,0
-0.075587,-0.23016,0,0.18646,0
-0.079389,-0.24623,0,0.2108,0
-0.083185,-0.26257,0,0.23813,0
-0.086922,-0.27903,0,0.26879,0
-0.090525,-0.29542,0,0.30317,0
-0.09389,-0.31148,0,0.34167,0
-0.096869,-0.32688,0,0.38473,0
-0.099248,-0.34118,0,0.43282,0
-0.10071,-0.35382,0,0.48638,0
-0.1008,-0.36405,0,0.54579,0
-0.098805,-0.37094,0,0.6113,0
-0.093689,-0.37328,0,0.68282,0
-0.083874,-0.36957,0,0.75976,0
-0.067005,-0.35801,0,0.84053,0
-0.039604,-0.33662,0,0.92204,0
0.0033184,-0.3035,0,0.99883,0
0.068586,-0.25754,0,1.0623,0
0.16479,-0.19953,0,1.0998,0
0.30131,-0.1337,0,1.0963,0
0.48582,-0.069149,0,1.0352,0
0.72075,-0.019533,0,0.91188,0
1,0,0,0.71921,0
0,0,0,0,0
-0.00069284,-0.00336,0,0.051195,0
-0.0018731,-0.0032925,0,0.034585,0
-0.0033626,-0.0047453,0,0.03643,0
-0.0050285,-0.0063748,0,0.033572,0
-0.0067796,-0.0085387,0,0.0322,0
-0.008559,-0.011145,0,0.030671,0
-0.010335,-0.014225,0,0.029463,0
-0.012095,-0.017774,0,0.028498,0
-0.013836,-0.021796,0,0.027856,0
-0.015564,-0.026294,0,0.027578,0
-0.017288,-0.03127,0,0.027716,0
-0.019019,-0.03673,0,0.028322,0
-0.020772,-0.04268,0,0.029451,0
-0.022558,-0.049128,0,0.031157,0
-0.024391,-0.056086,0,0.033499,0
-0.026282,-0.063564,0,0.036542,0
-0.028243,-0.071578,0,0.040354,0
-0.030283,-0.080142,0,0.04501,0
-0.032412,-0.089273,0,0.050595,0
-0.034638,-0.098987,0,0.057201,0
-0.036968,-0.1093,0,0.064932,0
-0.039407,-0.12023,0,0.073906,0
-0.04196,-0.13178,0,0.084254,0
-0.04463,-0.14398,0,0.096125,0
-0.04742,-0.15682,0,0.10969,0
-0.050331,-0.17031,0,0.12513,0
-0.053361,-0.18444,0,0.14267,0
-0.05651,-0.19919,0,0.16256,0
-0.059773,-0.21454,0,0.18507,0
-0.063142,-0.23045,0,0.21053,0
-0.066607,-0.24685,0,0.2393,0
-0.070151,-0.26366,0,0.27179,0
-0.073746,-0.28074,0,0.3085,0
-0.07735,-0.29793,0,0.34995,0
-0.080899,-0.31498,0,0.39677,0
-0.084286,-0.33159,0,0.44965,0
-0.087342,-0.3473,0,0.50933,0
-0.089793,-0.36151,0,0.5766,0
-0.091195,-0.3734,0,0.65224,0
-0.09082,-0.38184,0,0.73686,0
-0.087477,-0.38529,0,0.8307,0
-0.079216,-0.38172,0,0.93317,0
-0.062874,-0.36854,0,1.042,0
-0.0334,-0.3427,0,1.1523,0
0.016988,-0.30122,0,1.254,0
0.099526,-0.24255,0,1.3308,0
0.22857,-0.16912,0,1.3569,0
0.4187,-0.090735,0,1.3079,0
0.67778,-0.026448,0,1.1462,0
1,0,0,0.9174,0
0,0,0,0,0
-0.0002333,-0.0030284,0,0.047091,0
-0.00098321,-0.0028584,0,0.032183,0
-0.0020497,-0.004029,0,0.034002,0
-0.0032867,-0.0053335,0,0.031408,0
-0.0045994,-0.0071148,0,0.030066,0
-0.0059323,-0.0092989,0,0.028499,0
-0.0072571,-0.011918,0,0.02717,0
-0.0085625,-0.014969,0,0.026031,0
-0.0098475,-0.018457,0,0.025175,0
-0.011117,-0.02238,0,0.024657,0
-0.01238,-0.026742,0,0.024538,0
-0.013645,-0.031544,0,0.024877,0
-0.014925,-0.036793,0,0.025732,0
-0.016229,-0.042496,0,0.027164,0
-0.017568,-0.048663,0,0.029235,0
-0.018952,-0.055307,0,0.032012,0
-0.02039,-0.062442,0,0.035567,0
-0.021891,-0.070085,0,0.03998,0
-0.023463,-0.078253,0,0.045337,0
-0.025114,-0.086968,0,0.051738,0
-0.026849,-0.096248,0,0.059292,0
-0.028676,-0.10612,0,0.068124,0
-0.030601,-0.11659,0,0.078374,0
-0.032629,-0.12769,0,0.090202,0
-0.034765,-0.13944,0,0.10379,0
-0.037015,-0.15185,0,0.11935,0
-0.039385,-0.16493,0,0.13711,0
-0.041879,-0.1787,0,0.15735,0
-0.044505,-0.19315,0,0.18038,0
-0.047269,-0.20828,0,0.20657,0
-0.050178,-0.22407,0,0.23633,0
-0.053239,-0.24048,0,0.27016,0
-0.056458,-0.25748,0,0.30863,0
-0.059839,-0.27496,0,0.35242,0
-0.063377,-0.29281,0,0.40232,0
-0.067055,-0.31083,0,0.45924,0
-0.070827,-0.32876,0,0.52428,0
-0.074596,-0.3462,0,0.5987,0
-0.078167,-0.36254,0,0.68392,0
-0.081169,-0.37691,0,0.78148,0
-0.082902,-0.388,0,0.89288,0
-0.082075,-0.39387,0,1.0192,0
-0.076309,-0.39173,0,1.1605,0
-0.061282,-0.37766,0,1.3137,0
-0.029294,-0.34665,0,1.4705,0
0.032742,-0.29357,0,1.6103,0
0.14513,-0.21631,0,1.7009,0
0.33371,-0.12263,0,1.6748,0
0.62003,-0.037271,0,1.5237,0
1,0,0,1.1078,0
0,0,0,0,0
9.8689e-05,-0.0026763,0,0.042801,0
-0.00032675,-0.0023921,0,0.029718,0
-0.0010502,-0.0032557,0,0.031528,0
-0.0019175,-0.0042094,0,0.029191,0
-0.0028387,-0.0055798,0,0.027835,0
-0.0037672,-0.0073085,0,0.026171,0
-0.0046819,-0.0094258,0,0.024653,0
-0.0055756,-0.011928,0,0.023273,0
-0.0064493,-0.014816,0,0.022137,0
-0.0073077,-0.018088,0,0.021313,0
-0.0081579,-0.021742,0,0.020872,0
-0.0090079,-0.025781,0,0.020878,0
-0.0098659,-0.030207,0,0.021393,0
-0.01074,-0.035027,0,0.022481,0
-0.011639,-0.040251,0,0.024205,0
-0.012569,-0.045889,0,0.026635,0
-0.013537,-0.051956,0,0.029844,0
-0.014551,-0.058468,0,0.033914,0
-0.015616,-0.065444,0,0.038934,0
-0.016739,-0.072905,0,0.045006,0
-0.017925,-0.080873,0,0.052244,0
-0.01918,-0.089371,0,0.060777,0
-0.02051,-0.098423,0,0.070752,0
-0.021919,-0.10805,0,0.082337,0
-0.023415,-0.11829,0,0.095724,0
-0.025005,-0.12916,0,0.11113,0
-0.026694,-0.14069,0,0.12882,0
-0.028493,-0.1529,0,0.14907,0
-0.030411,-0.16582,0,0.17223,0
-0.032462,-0.17947,0,0.1987,0
-0.03466,-0.19387,0,0.22895,0
-0.037025,-0.20903,0,0.26351,0
-0.039578,-0.22497,0,0.30306,0
-0.042347,-0.24167,0,0.34838,0
-0.045366,-0.25912,0,0.4004,0
-0.048669,-0.27728,0,0.46029,0
-0.052293,-0.29604,0,0.52945,0
-0.056268,-0.31523,0,0.60961,0
-0.060596,-0.33458,0,0.7029,0
-0.065213,-0.3536,0,0.81191,0
-0.069907,-0.37145,0,0.93976,0
-0.074137,-0.38675,0,1.09,0
-0.076661,-0.39717,0,1.2661,0
-0.074729,-0.39884,0,1.4707,0
-0.062427,-0.38561,0,1.6999,0
-0.027298,-0.34846,0,1.9425,0
0.05508,-0.27758,0,2.1401,0
0.22667,-0.17075,0,2.2446,0
0.53562,-0.056391,0,1.965,0
1,0,0,1.6737,0
0,0,0,0,0
0.00029247,-0.0023097,0,0.038416,0
7.7913e-05,-0.001902,0,0.027385,0
-0.00038321,-0.0024441,0,0.029194,0
-0.00093827,-0.0030393,0,0.027078,0
-0.0015177,-0.0039917,0,0.025622,0
-0.0020917,-0.0052513,0,0.023768,0
-0.0026488,-0.0068415,0,0.021973,0
-0.003187,-0.0087552,0,0.020266,0
-0.0037084,-0.010989,0,0.018772,0
-0.0042172,-0.013538,0,0.017571,0
-0.0047189,-0.016399,0,0.016739,0
-0.0052189,-0.019571,0,0.016344,0
-0.0057228,-0.023057,0,0.016452,0
-0.006236,-0.026861,0,0.017125,0
-0.0067638,-0.03099,0,0.018429,0
-0.0073109,-0.035454,0,0.020431,0
-0.0078819,-0.040267,0,0.023206,0
-0.0084813,-0.045442,0,0.026835,0
-0.0091132,-0.050997,0,0.031408,0
-0.0097816,-0.056952,0,0.037027,0
-0.010491,-0.063326,0,0.043809,0
-0.011244,-0.070143,0,0.051885,0
-0.012047,-0.077429,0,0.061404,0
-0.012902,-0.085208,0,0.07254,0
-0.013816,-0.09351,0,0.085489,0
-0.014794,-0.10236,0,0.10048,0
-0.015842,-0.1118,0,0.11778,0
-0.016969,-0.12186,0,0.13768,0
-0.018183,-0.13258,0,0.16056,0
-0.019498,-0.14398,0,0.18682,0
-0.020927,-0.15613,0,0.21697,0
-0.022491,-0.16906,0,0.2516,0
-0.024214,-0.18282,0,0.29142,0
-0.026127,-0.19747,0,0.33729,0
-0.028273,-0.21307,0,0.39029,0
-0.030703,-0.22968,0,0.45172,0
-0.033484,-0.24735,0,0.52327,0
-0.036701,-0.26613,0,0.60706,0
-0.040459,-0.28605,0,0.70584,0
-0.044874,-0.30703,0,0.82321,0
-0.050064,-0.32889,0,0.96398,0
-0.056085,-0.35111,0,1.1344,0
-0.062772,-0.37253,0,1.3431,0
-0.069318,-0.39075,0,1.5993,0
-0.073029,-0.40073,0,1.918,0
-0.066258,-0.39257,0,2.2899,0
-0.027248,-0.34806,0,2.7305,0
0.097407,-0.24522,0,2.9743,0
0.41679,-0.090649,0,3.1738,0
1,0,0,1.6593,0
0,0,0,0,0
0.00034645,-0.0019109,0,0.034206,0
0.00021813,-0.0013783,0,0.02542,0
-4.4191e-05,-0.0016076,0,0.027283,0
-0.00033851,-0.0018743,0,0.025251,0
-0.00063219,-0.0024341,0,0.023553,0
-0.0009145,-0.0032352,0,0.021371,0
-0.0011831,-0.00429,0,0.019178,0
-0.0014389,-0.0055868,0,0.017043,0
-0.0016841,-0.0071192,0,0.015104,0
-0.0019216,-0.0088805,0,0.013448,0
-0.0021546,-0.010866,0,0.012154,0
-0.002386,-0.013075,0,0.011292,0
-0.0026189,-0.015507,0,0.010926,0
-0.002856,-0.018165,0,0.011117,0
-0.0031,-0.021054,0,0.011928,0
-0.0033533,-0.024183,0,0.013425,0
-0.0036182,-0.02756,0,0.01568,0
-0.003897,-0.031197,0,0.018772,0
-0.0041919,-0.035108,0,0.022791,0
-0.0045049,-0.039309,0,0.027837,0
-0.0048381,-0.043815,0,0.034024,0
-0.0051938,-0.048647,0,0.041485,0
-0.0055743,-0.053824,0,0.050369,0
-0.0059821,-0.05937,0,0.060848,0
-0.00642,-0.06531,0,0.073123,0
-0.0068915,-0.07167,0,0.087421,0
-0.0074003,-0.078481,0,0.10401,0
-0.0079514,-0.085775,0,0.1232,0
-0.0085507,-0.09359,0,0.14536,0
-0.0092058,-0.10197,0,0.1709,0
-0.0099264,-0.11095,0,0.20035,0
-0.010725,-0.12061,0,0.23431,0
-0.011618,-0.13099,0,0.27352,0
-0.012628,-0.14218,0,0.31888,0
-0.013782,-0.15428,0,0.37151,0
-0.015122,-0.16739,0,0.43282,0
-0.016699,-0.18165,0,0.50463,0
-0.018588,-0.19725,0,0.58932,0
-0.020889,-0.21439,0,0.69001,0
-0.023745,-0.23334,0,0.81108,0
-0.027354,-0.25438,0,0.9584,0
-0.031992,-0.27785,0,1.1411,0
-0.03804,-0.304,0,1.3707,0
-0.045907,-0.33268,0,1.6711,0
-0.055957,-0.36273,0,2.0577,0
-0.066746,-0.38913,0,2.622,0
-0.071409,-0.39777,0,3.2675,0
-0.02886,-0.34391,0,4.4392,0
0.20776,-0.16767,0,3.9838,0
1,0,0,4.9849,0
0,0,0,0,0
0.00021299,-0.0013536,0,0.029467,0
0.00011857,-0.00076222,0,0.024861,0
2.9867e-05,-0.00076151,0,0.026067,0
-6.2475e-05,-0.00080299,0,0.023942,0
-0.00014653,-0.0010354,0,0.021731,0
-0.00022488,-0.0014132,0,0.019039,0
-0.00029754,-0.0019373,0,0.016302,0
-0.00036568,-0.0025967,0,0.013625,0
-0.00043028,-0.0033852,0,0.011146,0
-0.00049237,-0.0042973,0,0.0089559,0
-0.00055295,-0.0053296,0,0.0071311,0
-0.00061294,-0.0064801,0,0.0057371,0
-0.00067321,-0.0077488,0,0.0048336,0
-0.00073457,-0.009137,0,0.0044778,0
-0.00079775,-0.010648,0,0.0047281,0
-0.00086345,-0.012285,0,0.0056462,0
-0.00093232,-0.014054,0,0.0072999,0
-0.001005,-0.015962,0,0.0097645,0
-0.0010821,-0.018016,0,0.013125,0
-0.0011641,-0.020226,0,0.01748,0
-0.0012518,-0.022602,0,0.022939,0
-0.0013458,-0.025155,0,0.029631,0
-0.0014467,-0.027897,0,0.037703,0
-0.0015553,-0.030842,0,0.047323,0
-0.0016725,-0.034006,0,0.058688,0
-0.0017994,-0.037406,0,0.072023,0
-0.0019371,-0.04106,0,0.08759,0
-0.0020871,-0.044991,0,0.10569,0
-0.0022514,-0.049223,0,0.12669,0
-0.0024324,-0.053784,0,0.15101,0
-0.0026333,-0.058707,0,0.17914,0
-0.002858,-0.064034,0,0.21169,0
-0.0031122,-0.069811,0,0.24937,0
-0.0034032,-0.076098,0,0.29309,0
-0.0037408,-0.08297,0,0.34394,0
-0.004139,-0.090521,0,0.40333,0
-0.0046169,-0.098873,0,0.47306,0
-0.0052023,-0.10819,0,0.5555,0
-0.0059352,-0.11869,0,0.65391,0
-0.006876,-0.13066,0,0.7726,0
-0.0081154,-0.14453,0,0.91848,0
-0.0098053,-0.1609,0,1.0996,0
-0.012172,-0.18055,0,1.3358,0
-0.015689,-0.20506,0,1.6362,0
-0.020953,-0.23543,0,2.0939,0
-0.029867,-0.27728,0,2.6368,0
-0.043009,-0.3243,0,3.9348,0
-0.06384,-0.39681,0,4.8525,0
-0.010403,-0.30793,0,11.06,0
1,0,0,1.6884,0
0,0,0,0,0
0,0,0,0.028481,0
0,0,0,0.026625,0
0,0,0,0.025798,0
0,0,0,0.023343,0
0,0,0,0.020174,0
0,0,0,0.016795,0
0,0,0,0.013338,0
0,0,0,0.010006,0
0,0,0,0.0068939,0
0,0,0,0.0040948,0
0,0,0,0.001674,0
0,0,0,-0.0003108,0
0,0,0,-0.0018084,0
0,0,0,-0.0027688,0
0,0,0,-0.0031407,0
0,0,0,-0.002869,0
0,0,0,-0.0018921,0
0,0,0,-0.00014053,0
0,0,0,0.0024653,0
0,0,0,0.0060169,0
0,0,0,0.01062,0
0,0,0,0.016396,0
0,0,0,0.023486,0
0,0,0,0.032052,0
0,0,0,0.042281,0
0,0,0,0.05439,0
0,0,0,0.068629,0
0,0,0,0.085291,0
0,0,0,0.10471,0
0,0,0,0.1273,0
0,0,0,0.15352,0
0,0,0,0.18393,0
0,0,0,0.21922,0
0,0,0,0.2602,0
0,0,0,0.30789,0
0,0,0,0.36358,0
0,0,0,0.42889,0
0,0,0,0.506,0
0,0,0,0.59768,0
0,0,0,0.7082,0
0,0,0,0.84229,0
0,0,0,1.0114,0
0,0,0,1.2192,0
0,0,0,1.5177,0
0,0,0,1.851,0
0,0,0,2.6003,0
0,0,0,2.9946,0
0,0,0,6.6336,0
0,0,0,6.4774,0
0,0,0,58.628,0
